2,0.117185,1,241
2,0.117330,0,39
2,0.122212,1,264
2,0.123217,0,264
2,0.123438,0,45
2,0.123537,0,264
2,0.123689,1,57
2,0.125128,1,131
2,0.125286,0,39
2,0.125599,1,154
2,0.225887,1,55
2,0.225994,0,39
2,0.492191,1,125
2,0.492335,0,39
2,0.492456,0,45
2,0.492555,0,130
2,0.492664,1,57
2,0.593124,1,55
2,0.593182,0,39
2,2.971740,1,131
2,2.973045,1,131
2,2.974941,1,131
2,2.975078,0,39
2,2.975298,1,154
2,2.976035,0,154
2,2.976206,0,45
2,2.976374,0,154
2,2.976480,1,57
2,3.076923,1,55
2,3.076981,0,39
2,4.898712,1,283
2,4.901053,1,283
2,4.901308,0,39
2,4.917912,1,285
2,5.001752,1,55
2,5.002002,0,39
2,5.127300,1,241
2,5.127445,0,39
2,5.134524,1,264
2,5.140980,0,264
2,5.141164,0,45
2,5.141331,0,264
2,5.141436,1,57
2,5.142589,1,131
2,5.142753,0,39
2,5.142939,1,154
2,5.243082,1,55
2,5.243179,1,55
2,5.243655,0,39
2,5.897636,1,283
2,5.897782,0,39
2,5.911206,1,285
2,6.003449,1,55
2,6.003575,0,39
2,6.903334,1,283
2,6.903477,0,39
2,6.914546,1,285
2,7.004026,1,55
2,7.004118,0,39
2,8.590186,0,154
2,8.590650,1,55
2,8.590694,0,39
2,8.590783,0,45
2,8.590871,0,154
2,8.590916,1,57
2,8.590962,1,131
2,8.591008,0,39
2,8.591145,1,154
2,8.591669,1,55
2,8.591715,0,39
2,8.592095,1,283
2,8.592140,0,39
2,8.592186,1,285
2,8.592788,1,55
2,8.592833,0,39
2,9.370979,1,130
2,9.475072,1,54
2,12.443630,1,216
2,12.443787,0,39
2,12.463551,0,45
2,12.463598,0,197
2,12.463703,1,57
2,12.465179,1,131
2,12.465302,0,39
2,12.478514,1,348
2,12.478846,0,39
2,12.500561,0,45
2,12.500697,0,515
2,12.500824,1,57
2,12.508566,1,154
2,12.509000,1,154
2,12.509664,1,154
2,12.511155,1,154
2,12.512842,1,154
2,12.517959,1,154
2,12.518080,0,39
2,12.518708,1,131
2,12.518829,1,131
2,12.519519,1,131
2,12.520620,1,131
2,12.520745,0,39
2,12.543716,0,45
2,12.543822,0,154
2,12.544028,1,57
2,12.544141,1,131
2,12.544242,0,39
2,12.544292,1,131
2,12.544395,0,39
2,12.544489,0,45
2,12.544581,0,154
2,12.544691,1,57
2,12.556491,0,45
2,12.556582,0,166
2,12.556691,1,57
2,12.656960,1,55
2,12.657055,0,39
2,13.191055,1,149
2,13.191159,0,39
2,13.204191,0,45
2,13.204285,0,330
2,13.204409,1,57
2,13.206260,1,149
2,13.206713,1,149
2,13.206815,0,39
2,13.223016,0,45
2,13.223119,0,354
2,13.223270,1,57
2,13.259918,1,139
2,13.260062,1,139
2,13.260813,1,139
2,13.261458,1,139
2,13.263735,1,139
2,13.263880,1,139
2,13.271709,1,139
2,13.271852,0,39
2,13.288787,0,45
2,13.288889,0,162
2,13.289030,1,57
2,13.289149,1,131
2,13.289276,0,39
2,13.289885,1,427
2,13.290027,0,39
2,13.311982,0,45
2,13.312082,0,154
2,13.312208,1,57
2,13.312497,0,45
2,13.312589,0,538
2,13.312735,1,57
2,13.312781,1,131
2,13.312921,0,39
2,13.413243,1,55
2,13.413298,1,55
2,13.413348,1,55
2,13.413432,1,55
2,13.413519,1,55
2,13.413707,1,55
2,13.413803,1,55
2,13.414198,1,55
2,13.414304,1,55
2,13.414351,0,39
2,13.431521,1,136
2,13.431624,1,136
2,13.431675,0,39
2,13.434507,1,136
2,13.439215,1,136
2,13.439328,1,136
2,13.440904,1,136
2,13.445687,1,136
2,13.445831,0,39
2,13.445891,1,139
2,13.446024,0,39
2,13.446179,1,149
2,13.446370,0,39
2,13.446421,1,149
2,13.446522,0,39
2,13.459456,0,45
2,13.459559,0,162
2,13.459705,1,57
2,13.459822,1,131
2,13.460124,1,131
2,13.460245,0,39
2,13.460362,1,432
2,13.460488,0,39
2,13.463216,0,45
2,13.463319,0,175
2,13.463464,1,57
2,13.463967,0,45
2,13.464069,0,175
2,13.464203,1,57
2,13.464319,0,45
2,13.464418,0,326
2,13.464579,0,330
2,13.464684,1,57
2,13.478479,1,136
2,13.478617,0,39
2,13.478884,1,149
2,13.479010,0,39
2,13.479059,1,149
2,13.479221,0,39
2,13.480584,0,45
2,13.480679,0,154
2,13.480804,1,57
2,13.481379,1,160
2,13.481501,0,39
2,13.481548,0,45
2,13.481689,0,538
2,13.481810,1,57
2,13.481902,1,131
2,13.482007,0,39
2,13.493444,0,45
2,13.493581,0,239
2,13.493730,1,57
2,13.500023,0,45
2,13.500223,0,354
2,13.500375,1,57
2,13.500616,0,45
2,13.500718,0,283
2,13.500855,0,354
2,13.500987,1,57
2,13.501349,1,160
2,13.501492,0,39
2,13.516883,0,45
2,13.517070,0,447
2,13.517192,1,57
2,13.617467,1,55
2,13.617564,1,55
2,13.617615,1,55
2,13.617704,1,55
2,13.617753,1,55
2,13.617831,1,55
2,13.618089,1,55
2,13.618181,1,55
2,13.618260,1,55
2,13.618361,1,55
2,13.618715,1,55
2,13.618807,1,55
2,13.618893,1,55
2,13.618972,1,55
2,13.619355,1,55
2,13.619451,0,39
2,14.550811,0,154
2,14.551559,0,154
2,14.614067,1,55
2,14.614289,1,55
2,14.614345,1,55
2,14.614431,1,55
2,14.614480,0,39
2,14.614930,0,45
2,14.615032,0,154
2,14.615176,1,57
2,14.615292,1,131
2,14.615724,1,131
2,14.615865,0,39
2,14.619971,1,154
2,14.717049,1,55
2,14.717146,1,55
2,14.717243,0,39
2,15.161260,1,241
2,15.161404,0,39
2,15.162532,1,264
2,15.163632,0,264
2,15.163833,0,45
2,15.164001,0,264
2,15.164106,1,57
2,15.164352,1,131
2,15.164462,0,39
2,15.164679,1,154
2,15.264493,1,55
2,15.264582,0,39
2,16.676713,1,45
2,16.676762,0,39
2,16.676855,0,39
2,16.697781,0,45
2,16.697884,0,154
2,16.698033,1,57
2,16.712351,0,45
2,16.712488,0,187
2,16.712638,1,57
2,16.713459,1,45
2,16.713600,0,39
2,16.713651,1,174
2,16.713784,0,39
2,16.791002,0,45
2,16.791140,0,154
2,16.791286,1,57
2,16.891530,1,55
2,16.891621,1,55
2,16.891671,1,55
2,16.891756,1,55
2,16.891806,1,55
2,16.891885,1,55
2,16.892331,1,55
2,16.892389,0,39
2,17.377714,1,55
2,17.377768,0,39
2,17.377853,0,45
2,17.378333,0,130
2,17.378485,1,57
2,17.378724,1,45
2,17.379185,1,45
2,17.379233,0,39
2,17.379309,1,107
2,17.380004,1,45
2,17.380052,0,39
2,17.380129,1,107
2,17.380240,0,39
2,17.480604,1,55
2,17.480695,1,55
2,17.480745,1,55
2,17.480828,1,55
2,17.480878,1,55
2,17.481358,1,55
2,17.481416,1,55
2,17.481466,1,55
2,17.481549,1,55
2,17.481598,1,55
2,17.481676,1,55
2,17.481929,1,55
2,17.482021,1,55
2,17.482492,1,55
2,17.482583,1,55
2,17.482633,1,55
2,17.482718,1,55
2,17.482768,0,39
2,20.171080,1,241
2,20.171220,1,241
2,20.171387,1,241
2,20.172903,1,241
2,20.176484,1,241
2,20.177221,1,241
2,20.184723,1,241
2,20.184846,0,39
2,20.185897,1,264
2,20.194108,0,264
2,20.194366,0,45
2,20.194472,0,264
2,20.194655,1,57
2,20.194752,1,131
2,20.194862,0,39
2,20.195321,1,154
2,20.295200,1,55
2,20.295290,1,55
2,20.295340,1,55
2,20.295425,1,55
2,20.295475,1,55
2,20.295552,1,55
2,20.295805,1,55
2,20.296071,1,55
2,20.296164,1,55
2,20.296645,1,55
2,20.296736,0,39
2,20.506720,1,131
2,20.506949,0,39
2,20.524689,0,45
2,20.524792,0,154
2,20.524941,1,57
2,20.624996,1,55
2,20.625054,0,39
2,21.124910,1,139
2,21.125076,1,139
2,21.125213,0,39
2,21.138362,0,45
2,21.138609,0,162
2,21.138822,1,57
2,21.138994,1,131
2,21.139108,0,39
2,21.153499,1,648
2,21.153642,0,39
2,21.168620,0,45
2,21.168722,0,154
2,21.168866,1,57
2,21.170550,0,45
2,21.171240,0,1602
2,21.171422,1,57
2,21.171548,1,131
2,21.171680,1,131
2,21.171881,1,131
2,21.173248,1,131
2,21.173390,0,45
2,21.173958,0,1598
2,21.174189,0,1024
2,21.174293,1,57
2,21.176250,1,131
2,21.180372,1,131
2,21.185454,1,131
2,21.185600,0,39
2,21.185650,1,131
2,21.185756,0,39
2,21.185896,1,257
2,21.186004,0,39
2,21.202140,0,45
2,21.202243,0,154
2,21.202349,1,57
2,21.202468,0,45
2,21.202570,0,320
2,21.202718,0,223
2,21.202899,1,57
2,21.218557,1,45
2,21.218606,1,45
2,21.219071,1,45
2,21.220280,1,45
2,21.222183,1,45
2,21.223068,1,45
2,21.231672,1,45
2,21.233909,1,45
2,21.233996,0,39
2,21.234046,1,150
2,21.234186,1,331
2,21.234362,0,57
2,21.234413,1,45
2,21.234462,0,39
2,21.234694,1,192
2,21.234834,0,39
2,21.244487,0,45
2,21.244590,1,57
2,21.246580,1,45
2,21.247787,1,45
2,21.250582,1,45
2,21.258704,1,45
2,21.259188,0,45
2,21.259291,0,154
2,21.259398,1,57
2,21.259522,0,45
2,21.259621,0,192
2,21.259751,1,57
2,21.259905,1,45
2,21.259951,0,39
2,21.260024,1,162
2,21.260131,1,154
2,21.260257,0,57
2,21.360611,1,55
2,21.360668,0,39
2,21.751478,1,45
2,21.751531,0,39
2,21.751581,1,185
2,21.751723,0,39
2,21.768723,0,45
2,21.768833,0,292
2,21.768984,1,57
2,21.769104,1,45
2,21.769196,0,39
2,21.769642,1,185
2,21.769789,0,39
2,21.785823,0,45
2,21.786036,0,452
2,21.786228,1,57
2,21.789682,1,45
2,21.789734,0,39
2,21.789784,1,162
2,21.789924,0,39
2,21.808608,0,45
2,21.808710,0,162
2,21.808841,1,57
2,21.809391,1,45
2,21.809443,1,45
2,21.810373,1,45
2,21.812110,1,45
2,21.815264,1,45
2,21.818785,1,45
2,21.818870,0,39
2,21.818919,1,150
2,21.819417,1,671
2,21.819561,0,57
2,21.846239,0,45
2,21.846388,0,154
2,21.846568,1,57
2,21.849400,0,45
2,21.850049,0,1602
2,21.850224,1,57
2,21.850474,1,45
2,21.850526,0,39
2,21.850610,1,154
2,21.850742,0,39
2,21.850855,0,45
2,21.851622,0,1602
2,21.851764,1,57
2,21.852002,1,45
2,21.852053,0,39
2,21.852137,1,154
2,21.852267,0,39
2,21.852379,0,45
2,21.853188,0,1162
2,21.853360,1,57
2,21.853479,1,45
2,21.853839,0,39
2,21.853892,1,154
2,21.854031,0,39
2,21.867224,1,45
2,21.867333,0,39
2,21.867422,1,280
2,21.867639,0,39
2,21.889709,1,45
2,21.889797,0,39
2,21.889885,1,526
2,21.890002,0,39
2,21.890246,0,45
2,21.890383,0,154
2,21.890524,1,57
2,21.891162,0,45
2,21.891265,0,324
2,21.891455,1,57
2,21.910028,0,45
2,21.910202,0,976
2,21.910368,1,57
2,21.910787,0,45
2,21.910925,0,194
2,21.911144,1,45
2,21.911615,0,39
2,21.911668,1,154
2,21.911873,1,45
2,21.912134,0,39
2,21.912187,1,154
2,21.912329,0,39
2,21.950814,1,45
2,21.950867,1,45
2,21.951815,1,45
2,21.952659,1,45
2,21.952712,0,39
2,21.952762,1,154
2,21.952900,0,39
2,22.053149,1,55
2,22.053235,1,55
2,22.053281,1,55
2,22.053357,1,55
2,22.053404,1,55
2,22.053878,1,55
2,22.053963,1,55
2,22.054010,1,55
2,22.054056,0,39
2,22.311116,1,45
2,22.311170,0,39
2,22.311220,1,162
2,22.311362,0,39
2,22.327059,0,45
2,22.327194,0,178
2,22.327345,1,57
2,22.328006,1,45
2,22.328058,0,39
2,22.328109,1,162
2,22.328249,0,39
2,22.343823,0,190
2,22.345335,1,45
2,22.345387,0,39
2,22.345437,0,39
2,22.350988,0,39
2,22.351045,1,178
2,22.351098,0,39
2,22.360500,0,45
2,22.360602,0,162
2,22.361815,1,45
2,22.361868,0,39
2,22.361918,1,154
2,22.362057,0,39
2,22.367060,1,45
2,22.367147,0,39
2,22.367505,1,671
2,22.367650,0,39
2,22.369011,0,45
2,22.369113,0,440
2,22.369267,1,57
2,22.369964,1,45
2,22.370016,1,45
2,22.370099,0,39
2,22.370315,1,178
2,22.371131,1,45
2,22.371183,0,39
2,22.371233,1,178
2,22.371696,1,45
2,22.372626,1,45
2,22.372679,0,39
2,22.372729,1,178
2,22.372869,0,39
2,22.388391,0,45
2,22.388517,0,154
2,22.388644,1,57
2,22.395449,0,45
2,22.396080,0,1572
2,22.396260,1,57
2,22.396442,1,45
2,22.396825,1,45
2,22.396918,0,39
2,22.397019,1,154
2,22.397828,1,45
2,22.399194,1,45
2,22.399718,0,45
2,22.400171,0,1360
2,22.400315,1,57
2,22.400568,0,45
2,22.400692,0,390
2,22.400842,1,57
2,22.402007,1,45
2,22.402056,0,39
2,22.402103,1,154
2,22.402223,0,39
2,22.402316,1,45
2,22.402537,0,39
2,22.402736,1,154
2,22.402858,0,39
2,22.407580,1,45
2,22.407632,0,39
2,22.407682,1,162
2,22.407822,0,39
2,22.507843,1,55
2,22.507930,0,39
2,22.545804,1,45
2,22.546251,1,45
2,22.546303,0,39
2,22.546353,1,161
2,22.546561,0,39
2,22.546612,0,45
2,22.546888,0,162
2,22.547030,1,57
2,22.547606,1,45
2,22.547658,1,45
2,22.548175,0,45
2,22.548278,0,162
2,22.548756,1,45
2,22.548809,0,39
2,22.548859,1,150
2,22.549063,1,367
2,22.549779,1,45
2,22.549866,0,39
2,22.549916,1,150
2,22.550056,1,367
2,22.550229,0,57
2,22.565399,0,45
2,22.565501,1,57
2,22.567030,1,45
2,22.567088,1,45
2,22.567706,1,45
2,22.569116,1,45
2,22.569168,0,39
2,22.569218,1,161
2,22.569359,0,39
2,22.583708,0,45
2,22.583811,0,224
2,22.583960,1,57
2,22.585176,1,45
2,22.585228,0,39
2,22.585278,1,162
2,22.585419,0,39
2,22.599968,0,45
2,22.600101,0,162
2,22.600225,1,57
2,22.600755,1,45
2,22.601169,1,45
2,22.601902,1,45
2,22.602353,1,45
2,22.603079,1,45
2,22.603124,0,39
2,22.603196,1,150
2,22.603437,1,535
2,22.603540,0,57
2,22.644277,0,45
2,22.644412,0,154
2,22.644552,1,57
2,22.663676,0,45
2,22.663779,0,855
2,22.663989,1,57
2,22.664575,1,45
2,22.664627,1,45
2,22.665138,1,45
2,22.666054,1,45
2,22.666107,0,39
2,22.666156,1,154
2,22.666334,0,39
2,22.666469,0,45
2,22.666647,0,154
2,22.666826,1,57
2,22.667325,0,45
2,22.667710,0,1598
2,22.667830,0,1602
2,22.667921,1,57
2,22.668030,0,45
2,22.668157,0,661
2,22.668299,1,57
2,22.668901,1,45
2,22.668949,0,39
2,22.668996,1,150
2,22.669115,1,154
2,22.669208,0,57
2,22.678490,1,45
2,22.678542,0,39
2,22.678642,0,39
2,22.718411,1,45
2,22.718508,0,39
2,22.718568,1,154
2,22.718740,0,39
2,22.734264,0,45
2,22.734367,0,154
2,22.734517,1,57
2,22.735069,1,45
2,22.735122,0,39
2,22.735172,1,154
2,22.735312,0,39
2,22.790870,0,45
2,22.790977,0,205
2,22.791131,1,57
2,22.830630,1,45
2,22.831129,1,45
2,22.831890,1,45
2,22.831942,0,39
2,22.831992,1,154
2,22.833332,1,45
2,22.835940,1,45
2,22.837578,1,45
2,22.839852,1,45
2,22.839904,0,39
2,22.839954,1,154
2,22.840096,0,39
2,22.940342,1,55
2,22.940398,1,55
2,22.940447,1,55
2,22.940531,1,55
2,22.940580,1,55
2,22.940658,1,55
2,22.941012,1,55
2,22.941069,1,55
2,22.941153,1,55
2,22.941418,0,39
2,22.960719,1,45
2,22.961253,1,45
2,22.961640,1,45
2,22.961693,0,39
2,22.961743,1,165
2,22.961950,0,39
2,22.967721,1,45
2,22.968225,1,45
2,22.968278,0,39
2,22.968329,1,162
2,22.968469,0,39
2,22.976200,0,45
2,22.976302,0,213
2,22.976447,1,57
2,22.977053,1,45
2,22.977105,0,39
2,22.977155,1,165
2,22.977294,0,39
2,22.982524,0,45
2,22.982626,0,162
2,22.982773,1,57
2,22.983309,1,45
2,22.983665,1,45
2,22.983717,0,39
2,22.983767,1,154
2,22.983971,0,39
2,22.985998,1,45
2,22.986050,1,45
2,22.987063,1,45
2,22.988344,1,45
2,22.988441,0,39
2,22.988501,1,671
2,22.988784,0,39
2,22.988889,0,45
2,22.989092,0,262
2,22.989220,1,57
2,22.997321,1,45
2,22.997417,0,39
2,22.997474,1,162
2,22.997633,0,39
2,23.005994,0,45
2,23.006096,0,154
2,23.006536,0,45
2,23.006638,0,154
2,23.007221,0,45
2,23.009901,0,45
2,23.010385,0,154
2,23.010531,1,57
2,23.014689,0,45
2,23.015238,0,1572
2,23.015419,1,57
2,23.016042,1,45
2,23.016401,1,45
2,23.016453,0,39
2,23.016503,1,154
2,23.016650,0,39
2,23.016792,0,45
2,23.017197,0,1362
2,23.017362,1,57
2,23.017794,1,45
2,23.017841,0,39
2,23.017886,1,154
2,23.018002,0,39
2,23.018094,0,45
2,23.018579,0,162
2,23.018696,1,57
2,23.019048,1,45
2,23.019095,0,39
2,23.019141,1,154
2,23.019300,0,39
2,23.037875,1,45
2,23.037966,0,39
2,23.038019,1,218
2,23.038282,1,45
2,23.038562,0,39
2,23.038656,1,218
2,23.039326,1,45
2,23.039372,0,39
2,23.039445,1,218
2,23.039551,0,39
2,23.040148,1,45
2,23.040195,0,39
2,23.040270,1,521
2,23.040382,0,39
2,23.040889,1,45
2,23.040936,0,39
2,23.040981,1,533
2,23.041143,0,39
2,23.059178,0,45
2,23.059314,0,154
2,23.059459,1,57
2,23.063196,0,45
2,23.063299,0,154
2,23.063444,1,57
2,23.063560,0,45
2,23.063888,0,154
2,23.064027,1,57
2,23.064865,0,45
2,23.064968,0,953
2,23.065176,1,57
2,23.065689,1,45
2,23.065741,0,39
2,23.065791,1,154
2,23.065931,0,39
2,23.067197,0,45
2,23.067299,0,734
2,23.067495,1,57
2,23.067888,0,45
2,23.068026,0,185
2,23.068172,1,57
2,23.068286,1,45
2,23.068793,0,39
2,23.068846,1,185
2,23.068984,0,39
2,23.091290,0,45
2,23.091392,0,586
2,23.091550,1,57
2,23.092156,0,45
2,23.092729,1,45
2,23.092782,1,45
2,23.093427,1,45
2,23.093476,0,39
2,23.093558,1,154
2,23.093795,0,39
2,23.094434,0,45
2,23.094558,0,586
2,23.094709,1,57
2,23.095393,0,45
2,23.095518,0,280
2,23.095633,0,182
2,23.095683,0,181
2,23.095730,0,193
2,23.095834,1,57
2,23.097207,1,45
2,23.097252,0,39
2,23.097325,1,154
2,23.097425,0,39
2,23.097877,1,45
2,23.097923,0,39
2,23.097998,1,193
2,23.098106,0,39
2,23.123115,0,45
2,23.123210,0,154
2,23.123380,1,57
2,23.167200,1,45
2,23.167427,1,45
2,23.167799,1,45
2,23.168890,1,45
2,23.169495,1,45
2,23.169582,0,39
2,23.169668,1,847
2,23.169807,0,39
2,23.270119,1,55
2,23.270217,1,55
2,23.270273,0,39
2,23.302500,1,45
2,23.302996,1,45
2,23.303084,1,45
2,23.303718,1,45
2,23.304407,1,45
2,23.304460,0,39
2,23.304510,1,549
2,23.304650,1,185
2,23.304824,0,57
2,23.319730,0,45
2,23.319832,1,57
2,23.321744,1,45
2,23.321796,0,39
2,23.322358,1,45
2,23.322410,1,45
2,23.323996,1,45
2,23.324048,0,39
2,23.324148,0,39
2,23.331714,0,45
2,23.331817,0,154
2,23.331963,1,57
2,23.335655,0,45
2,23.335757,0,154
2,23.335903,1,57
2,23.336390,1,45
2,23.336745,1,45
2,23.336798,0,39
2,23.336848,1,154
2,23.337054,0,39
2,23.342952,0,45
2,23.343054,0,154
2,23.343228,1,57
2,23.343814,0,45
2,23.344925,0,45
2,23.345026,0,154
2,23.345172,1,57
2,23.374335,0,45
2,23.374470,0,424
2,23.374620,1,57
2,23.375368,1,45
2,23.375468,0,39
2,23.375526,1,154
2,23.375685,0,39
2,23.475787,1,55
2,23.475878,0,39
2,23.482289,1,45
2,23.482389,0,39
2,23.482450,1,154
2,23.482628,0,39
2,23.499986,0,45
2,23.500088,0,154
2,23.500236,1,57
2,23.600502,1,55
2,23.600554,1,55
2,23.600635,1,55
2,23.600778,1,55
2,23.600940,1,55
2,23.601166,1,55
2,23.601214,0,39
2,24.065856,1,45
2,24.065913,0,39
2,24.066020,1,241
2,24.066533,1,45
2,24.066590,0,39
2,24.066721,1,241
2,24.067683,1,45
2,24.067731,0,39
2,24.067777,1,241
2,24.068423,1,45
2,24.069676,1,45
2,24.069724,0,39
2,24.069772,1,241
2,24.071343,1,45
2,24.071392,0,39
2,24.071438,1,241
2,24.071601,0,39
2,24.076900,1,45
2,24.076952,0,39
2,24.077002,1,162
2,24.077141,0,39
2,24.083937,0,45
2,24.084039,0,154
2,24.084186,1,57
2,24.094027,0,45
2,24.094138,0,162
2,24.094284,1,57
2,24.094829,1,45
2,24.094881,0,39
2,24.094931,1,154
2,24.095070,0,39
2,24.098108,1,45
2,24.098158,0,39
2,24.098235,1,671
2,24.098417,0,39
2,24.110866,0,45
2,24.110982,0,226
2,24.111132,1,57
2,24.111590,0,45
2,24.111785,0,264
2,24.111897,1,57
2,24.112441,1,45
2,24.112590,0,39
2,24.112638,1,154
2,24.112751,0,39
2,24.114112,0,45
2,24.114236,0,186
2,24.114364,1,57
2,24.114844,0,45
2,24.114964,0,181
2,24.115072,0,193
2,24.115120,1,57
2,24.115837,1,45
2,24.115985,0,39
2,24.116079,1,150
2,24.116184,1,193
2,24.116235,0,57
2,24.123578,0,45
2,24.123669,0,154
2,24.123817,1,57
2,24.123904,0,45
2,24.124242,0,301
2,24.124339,1,57
2,24.124789,1,45
2,24.124927,0,39
2,24.124972,1,154
2,24.125078,0,39
2,24.127002,1,45
2,24.127180,0,39
2,24.127225,1,205
2,24.127328,0,39
2,24.133204,0,45
2,24.133305,0,154
2,24.154996,0,45
2,24.155163,0,154
2,24.155344,1,57
2,24.255295,1,55
2,24.255353,0,39
2,24.460491,1,45
2,24.460564,0,39
2,24.460647,1,608
2,24.460785,0,39
2,24.475089,0,45
2,24.475337,0,154
2,24.475491,1,57
2,24.476996,0,45
2,24.477218,0,821
2,24.477371,1,57
2,24.517725,1,45
2,24.517773,0,39
2,24.517821,1,154
2,24.517941,0,39
2,24.617974,1,55
2,24.618076,1,55
2,24.618148,1,55
2,24.618225,1,55
2,24.618394,1,55
2,24.618477,0,39
2,24.639221,1,45
2,24.639383,0,39
2,24.639430,1,174
2,24.639544,1,847
2,24.639669,0,57
2,24.644773,1,45
2,24.644817,0,39
2,24.644890,1,163
2,24.644998,0,39
2,24.645395,1,45
2,24.645443,0,39
2,24.645527,1,164
2,24.645682,0,39
2,24.648299,1,45
2,24.648596,0,39
2,24.648641,1,165
2,24.649037,1,45
2,24.649666,1,45
2,24.649711,0,39
2,24.649789,1,165
2,24.650816,1,45
2,24.651333,1,45
2,24.651378,0,39
2,24.651497,1,165
2,24.651600,0,39
2,24.652981,0,45
2,24.653071,0,440
2,24.653184,1,57
2,24.653809,1,45
2,24.653855,0,39
2,24.653900,1,178
2,24.654053,0,39
2,24.661649,0,45
2,24.662010,0,421
2,24.662181,1,57
2,24.662368,0,45
2,24.662543,0,209
2,24.662690,1,57
2,24.663104,1,45
2,24.663223,0,39
2,24.663325,1,163
2,24.663480,0,39
2,24.663658,1,45
2,24.663876,0,39
2,24.663923,1,164
2,24.664037,0,39
2,24.671051,0,45
2,24.671249,0,390
2,24.671398,1,57
2,24.672009,0,45
2,24.672111,0,210
2,24.672256,1,57
2,24.680666,1,45
2,24.681234,1,45
2,24.681633,1,45
2,24.681950,0,45
2,24.682074,0,221
2,24.682196,1,57
2,24.682815,0,45
2,24.682910,0,225
2,24.683034,1,57
2,24.683736,1,45
2,24.683785,0,39
2,24.683831,1,165
2,24.683954,0,39
2,24.687866,1,45
2,24.688158,1,45
2,24.688980,1,45
2,24.689405,0,39
2,24.689456,1,158
2,24.689596,1,159
2,24.689769,0,57
2,24.697887,0,45
2,24.698037,0,222
2,24.698213,1,57
2,24.699463,1,45
2,24.699515,0,39
2,24.699565,1,163
2,24.699705,0,39
2,24.710651,0,45
2,24.710754,0,191
2,24.711453,0,45
2,24.711555,0,191
2,24.711701,1,57
2,24.711819,0,45
2,24.712264,0,213
2,24.712373,1,57
2,24.712606,1,45
2,24.712658,0,39
2,24.712742,1,159
2,24.712872,0,39
2,24.713543,1,45
2,24.713596,0,39
2,24.713645,1,162
2,24.713784,0,39
2,24.717401,0,45
2,24.717543,0,243
2,24.717659,1,57
2,24.718444,1,45
2,24.718491,0,39
2,24.718536,1,163
2,24.718650,0,39
2,24.728548,1,45
2,24.728600,0,39
2,24.728650,1,172
2,24.729782,0,45
2,24.729919,0,255
2,24.730066,1,57
2,24.736177,0,45
2,24.736313,0,267
2,24.736464,1,57
2,24.745206,0,45
2,24.745351,0,276
2,24.745660,0,45
2,24.745762,0,276
2,24.745910,1,57
2,24.746552,1,45
2,24.746600,0,39
2,24.746647,1,172
2,24.746767,0,39
2,24.750596,1,45
2,24.750687,0,39
2,24.750737,1,155
2,24.750874,1,162
2,24.750998,0,57
2,24.751748,1,45
2,24.752169,1,45
2,24.752217,0,39
2,24.752264,1,168
2,24.752897,1,45
2,24.752946,0,39
2,24.752992,1,168
2,24.754043,1,45
2,24.754090,0,39
2,24.754167,1,168
2,24.754286,0,39
2,24.755536,1,45
2,24.755585,0,39
2,24.755631,1,162
2,24.755752,0,39
2,24.772313,0,45
2,24.772415,0,154
2,24.772563,1,57
2,24.773246,0,45
2,24.776235,0,45
2,24.776373,0,154
2,24.776520,1,57
2,24.777152,0,45
2,24.780152,0,45
2,24.782785,0,45
2,24.782920,0,154
2,24.783068,1,57
2,24.783632,0,45
2,24.783746,0,289
2,24.783912,0,162
2,24.784123,0,45
2,24.784256,0,171
2,24.784343,0,184
2,24.784401,1,57
2,24.784525,0,45
2,24.784860,0,178
2,24.784985,1,57
2,24.785086,0,45
2,24.787242,0,45
2,24.787336,0,289
2,24.787440,0,162
2,24.787495,1,57
2,24.788137,1,45
2,24.788186,0,39
2,24.788232,1,154
2,24.788353,0,39
2,24.791810,1,45
2,24.791863,1,45
2,24.791947,0,39
2,24.792029,1,155
2,24.792171,1,158
2,24.792296,1,168
2,24.792490,0,57
2,24.797858,1,45
2,24.797912,0,39
2,24.797965,1,671
2,24.798114,0,39
2,24.799317,1,45
2,24.799885,1,45
2,24.799933,0,39
2,24.799979,1,162
2,24.800144,0,39
2,24.823755,0,45
2,24.823850,0,154
2,24.823975,1,57
2,24.824629,0,45
2,24.824724,0,183
2,24.824846,0,192
2,24.824899,0,186
2,24.824947,0,162
2,24.825057,1,57
2,24.825522,1,45
2,24.825570,0,39
2,24.825616,1,154
2,24.825736,0,39
2,24.825836,1,45
2,24.826295,0,39
2,24.826344,1,161
2,24.826468,0,39
2,24.826567,1,45
2,24.827105,1,45
2,24.827157,0,39
2,24.827208,1,165
2,24.827970,1,45
2,24.828019,0,39
2,24.828065,1,165
2,24.828635,1,45
2,24.828683,0,39
2,24.828731,1,165
2,24.829427,1,45
2,24.829475,0,39
2,24.829522,1,165
2,24.829642,0,39
2,24.829740,1,45
2,24.830008,0,39
2,24.830086,1,671
2,24.830202,0,39
2,24.830296,0,45
2,24.830868,0,1572
2,24.831012,1,57
2,24.831530,1,45
2,24.832799,1,45
2,24.832876,0,39
2,24.832950,1,154
2,24.833070,0,39
2,24.833835,0,45
2,24.833928,0,1568
2,24.834099,0,1100
2,24.834150,1,57
2,24.834789,1,45
2,24.834837,0,39
2,24.834883,1,154
2,24.835003,0,39
2,24.846072,0,45
2,24.846179,0,222
2,24.846321,1,57
2,24.846966,0,45
2,24.847066,0,217
2,24.847210,1,57
2,24.848011,0,45
2,24.848151,0,154
2,24.848298,1,57
2,24.849050,1,45
2,24.849137,0,39
2,24.849187,1,165
2,24.849327,0,39
2,24.849441,0,45
2,24.849586,0,1602
2,24.849754,1,57
2,24.850400,1,45
2,24.850449,0,39
2,24.850495,1,161
2,24.850619,0,39
2,24.853305,0,45
2,24.853445,0,1598
2,24.853602,0,1130
2,24.853655,1,57
2,24.853879,1,45
2,24.854496,1,45
2,24.854991,1,45
2,24.855040,1,45
2,24.856015,0,45
2,24.856110,0,424
2,24.856237,1,57
2,24.857345,1,45
2,24.857394,0,39
2,24.857440,1,150
2,24.857560,1,150
2,24.857651,1,154
2,24.857742,0,57
2,24.865771,0,45
2,24.865904,0,234
2,24.867335,0,45
2,24.867483,0,234
2,24.867685,1,57
2,24.867867,0,45
2,24.868203,0,229
2,24.868341,1,57
2,24.876066,0,45
2,24.876203,0,154
2,24.876351,1,57
2,24.896279,1,45
2,24.896435,0,39
2,24.896488,1,161
2,24.896626,0,39
2,24.930262,0,45
2,24.930535,0,224
2,24.930658,1,57
2,24.939078,1,45
2,24.939130,0,39
2,24.939180,1,280
2,24.939319,0,39
2,24.944367,1,45
2,24.944464,0,39
2,24.944520,1,587
2,24.944670,0,39
2,24.944846,1,45
2,24.945034,0,39
2,24.945089,1,158
2,24.945202,1,162
2,24.945461,0,57
2,24.955273,0,45
2,24.955410,0,154
2,24.955555,1,57
2,24.958156,0,45
2,24.958292,0,324
2,24.958399,1,57
2,24.958946,1,45
2,24.958998,1,45
2,24.959459,0,39
2,24.959512,1,154
2,24.959717,1,45
2,24.960075,0,39
2,24.960128,1,154
2,24.960267,0,39
2,24.962480,0,45
2,24.962583,0,162
2,24.962731,1,57
2,24.963291,1,45
2,24.963343,0,39
2,24.963393,1,154
2,24.963531,0,39
2,24.963648,0,45
2,24.963794,0,162
2,24.963972,1,57
2,24.964566,1,45
2,24.964614,0,39
2,24.964661,1,154
2,24.964780,0,39
2,24.964878,0,45
2,24.965005,0,673
2,24.965119,1,57
2,24.965810,1,45
2,24.965858,0,39
2,24.965905,1,154
2,24.966028,0,39
2,24.967276,1,45
2,24.967363,0,39
2,24.967437,1,671
2,24.967561,0,39
2,24.968297,1,45
2,24.968373,0,39
2,24.968447,1,536
2,24.968617,0,39
2,24.989899,0,45
2,24.990113,0,154
2,24.991678,0,45
2,24.991773,0,154
2,24.991895,1,57
2,24.992379,0,45
2,24.992473,0,150
2,24.992595,0,301
2,24.992710,1,57
2,24.993191,1,45
2,24.993239,0,39
2,24.993286,1,154
2,24.993405,0,39
2,24.993868,1,45
2,24.993917,0,39
2,24.993963,1,205
2,24.994083,0,39
2,25.006053,0,45
2,25.006155,0,856
2,25.006363,0,45
2,25.006719,0,856
2,25.006913,1,57
2,25.011167,1,45
2,25.011598,1,45
2,25.012060,1,45
2,25.012923,1,45
2,25.012975,0,39
2,25.013025,1,154
2,25.013166,0,39
2,25.013279,0,45
2,25.013480,0,154
2,25.013930,0,45
2,25.014153,0,154
2,25.014537,0,45
2,25.014662,0,154
2,25.014785,1,57
2,25.040682,1,45
2,25.040735,1,45
2,25.041394,1,45
2,25.042458,1,45
2,25.043842,1,45
2,25.043894,0,39
2,25.043944,1,218
2,25.044084,0,39
2,25.044632,1,45
2,25.044685,0,39
2,25.044735,1,605
2,25.044938,0,39
2,25.062596,0,45
2,25.062698,0,734
2,25.062858,1,57
2,25.064051,1,45
2,25.064103,0,39
2,25.064153,1,150
2,25.064293,1,185
2,25.064401,0,57
2,25.064522,0,45
2,25.064621,0,185
2,25.064806,1,57
2,25.084653,0,45
2,25.084755,0,154
2,25.084903,1,57
2,25.104570,1,45
2,25.105007,1,45
2,25.105054,0,39
2,25.105129,1,154
2,25.105249,0,39
2,25.143781,0,45
2,25.143911,0,712
2,25.144064,1,57
2,25.144664,0,45
2,25.145003,0,1568
2,25.145135,0,1572
2,25.145186,1,57
2,25.145560,0,45
2,25.145902,0,1568
2,25.146011,0,1572
2,25.146061,1,57
2,25.146145,1,45
2,25.146723,1,45
2,25.146867,0,39
2,25.146914,1,150
2,25.147018,1,150
2,25.147106,1,150
2,25.147160,1,150
2,25.147249,1,154
2,25.147383,0,57
2,25.147428,0,45
2,25.147545,0,1572
2,25.147669,1,57
2,25.148256,1,45
2,25.148303,0,39
2,25.148377,1,154
2,25.148483,0,39
2,25.148562,0,45
2,25.148927,0,1568
2,25.149128,0,1572
2,25.149691,1,45
2,25.150058,1,45
2,25.150344,1,45
2,25.150489,0,39
2,25.150577,1,154
2,25.150687,0,39
2,25.150774,0,45
2,25.151235,0,1568
2,25.151362,0,1490
2,25.151412,1,57
2,25.151934,1,45
2,25.151980,0,39
2,25.152053,1,154
2,25.152160,0,39
2,25.152246,0,45
2,25.152709,0,1568
2,25.152835,0,1572
2,25.152884,1,57
2,25.153093,0,45
2,25.153494,0,1568
2,25.153648,0,1572
2,25.153698,1,57
2,25.154034,1,45
2,25.154176,0,39
2,25.154223,1,154
2,25.154327,0,39
2,25.154402,0,45
2,25.154790,0,581
2,25.154905,1,57
2,25.155174,1,45
2,25.155347,0,39
2,25.155393,1,154
2,25.155507,0,39
2,25.155756,1,45
2,25.155929,0,39
2,25.155975,1,154
2,25.156080,0,39
2,25.161570,0,45
2,25.161807,0,1572
2,25.161979,1,57
2,25.162488,1,45
2,25.162668,0,39
2,25.162714,1,154
2,25.162811,0,39
2,25.162899,0,45
2,25.163292,0,1568
2,25.163410,0,400
2,25.163457,1,57
2,25.163851,1,45
2,25.163991,0,39
2,25.164037,1,154
2,25.164143,0,39
2,25.206437,1,45
2,25.206484,0,39
2,25.206559,1,264
2,25.207234,1,45
2,25.207281,0,39
2,25.207367,1,264
2,25.207478,0,39
2,25.209415,1,264
2,25.210844,0,264
2,25.211133,0,45
2,25.211375,0,264
2,25.211481,1,57
2,25.211995,1,45
2,25.212042,0,39
2,25.212115,1,154
2,25.212224,0,39
2,25.212728,1,154
2,25.312622,1,55
2,25.312716,1,55
2,25.312766,1,55
2,25.312914,1,55
2,25.313003,1,55
2,25.313086,1,55
2,25.313549,1,55
2,25.313640,1,55
2,25.313690,1,55
2,25.313740,0,39
2,25.867671,1,45
2,25.867764,0,39
2,25.867816,1,178
2,25.867959,0,39
2,25.882533,0,45
2,25.883416,0,45
2,25.883518,0,440
2,25.885481,1,45
2,25.885534,0,39
2,25.885584,1,178
2,25.886052,1,45
2,25.886105,0,39
2,25.903208,0,45
2,25.903310,0,390
2,25.903360,1,57
2,25.925863,0,45
2,25.926161,0,1572
2,25.926312,1,57
2,25.926761,1,45
2,25.926811,0,39
2,25.926893,1,154
2,25.927005,0,39
2,25.927104,0,45
2,25.927438,0,1568
2,25.927579,0,1572
2,25.927667,1,57
2,25.928253,1,45
2,25.928305,0,39
2,25.928433,1,154
2,25.928566,0,39
2,25.928673,0,45
2,25.928948,0,1568
2,25.929099,0,1568
2,25.929149,0,1568
2,25.929252,0,1568
2,25.929551,0,1572
2,25.929638,1,57
2,25.930097,1,45
2,25.930145,0,39
2,25.930222,1,154
2,25.930346,0,39
2,25.930681,1,45
2,25.930731,0,39
2,25.930816,1,150
2,25.930939,1,154
2,25.931082,0,57
2,25.934545,0,45
2,25.934683,0,1568
2,25.934895,0,1568
2,25.934949,0,1568
2,25.935000,0,1207
2,25.935052,1,57
2,25.935748,1,45
2,25.935796,0,39
2,25.935842,1,150
2,25.935962,1,154
2,25.936057,0,57
2,25.936153,0,45
2,25.936277,0,1568
2,25.936430,0,1568
2,25.936526,0,1568
2,25.936602,0,1568
2,25.936673,0,1568
2,25.936840,0,1568
2,25.936926,0,1568
2,25.936996,0,1568
2,25.937080,0,1568
2,25.937287,0,1568
2,25.937418,0,1568
2,25.937502,0,1568
2,25.937551,0,1572
2,25.937629,1,57
2,25.938367,1,45
2,25.938415,0,39
2,25.938461,1,154
2,25.938581,0,39
2,25.938682,0,45
2,25.939006,0,1568
2,25.939184,0,1568
2,25.939235,0,1566
2,25.939282,0,224
2,25.939330,1,57
2,25.939860,1,45
2,25.939908,0,39
2,25.939954,1,150
2,25.940073,1,150
2,25.940164,1,150
2,25.940257,1,150
2,25.940348,1,150
2,25.940437,1,150
2,25.940528,1,154
2,25.940618,0,57
2,25.940721,1,45
2,25.940768,0,39
2,25.940814,1,150
2,25.940920,1,150
2,25.940976,1,154
2,25.941064,0,57
2,25.941110,1,45
2,25.941201,0,39
2,25.941247,1,193
2,25.941351,0,39
2,25.961044,0,45
2,25.961146,0,154
2,25.961334,1,57
2,26.004112,0,45
2,26.004214,0,154
2,26.004363,1,57
2,26.004928,0,45
2,26.005502,0,45
2,26.005604,0,154
2,26.061088,0,45
2,26.061211,0,424
2,26.061351,1,57
2,26.062093,1,45
2,26.062140,0,39
2,26.062185,1,154
2,26.062302,0,39
2,26.162514,1,55
2,26.162608,1,55
2,26.162658,1,55
2,26.162744,1,55
2,26.162792,1,55
2,26.162871,1,55
2,26.163089,1,55
2,26.163211,1,55
2,26.163261,0,39
2,26.438448,1,45
2,26.438500,0,39
2,26.438550,1,168
2,26.438688,0,39
2,26.448534,0,45
2,26.448636,0,216
2,26.449253,0,45
2,26.449357,0,216
2,26.450268,0,45
2,26.450370,0,216
2,26.450513,1,57
2,26.451186,1,45
2,26.451640,1,45
2,26.451692,0,39
2,26.451742,1,168
2,26.451884,0,39
2,26.465525,0,45
2,26.465663,0,249
2,26.465814,1,57
2,26.470547,1,45
2,26.470600,0,39
2,26.470650,1,162
2,26.470787,0,39
2,26.506718,1,45
2,26.506770,0,39
2,26.506820,1,173
2,26.506959,0,39
2,26.522018,0,45
2,26.522157,0,227
2,26.522978,0,39
2,26.523030,1,173
2,26.538095,0,45
2,26.538231,0,293
2,26.538380,1,57
2,26.556072,1,45
2,26.556406,1,45
2,26.556464,0,39
2,26.556573,1,173
2,26.556744,0,39
2,26.572296,0,45
2,26.573172,1,45
2,26.573224,0,39
2,26.573274,1,173
2,26.573415,0,39
2,26.580991,0,45
2,26.581093,0,162
2,26.581239,1,57
2,26.581932,1,45
2,26.582406,1,45
2,26.582458,0,39
2,26.582508,1,154
2,26.582649,0,39
2,26.586484,1,45
2,26.586540,0,39
2,26.586591,1,671
2,26.586729,0,39
2,26.588162,0,45
2,26.588264,0,293
2,26.588414,1,57
2,26.589716,1,45
2,26.589768,0,39
2,26.589818,1,162
2,26.589957,0,39
2,26.690179,1,55
2,26.690273,1,55
2,26.690322,1,55
2,26.690406,1,55
2,26.690455,1,55
2,26.690912,1,55
2,26.691004,1,55
2,26.691054,1,55
2,26.691137,1,55
2,26.691187,1,55
2,26.691263,1,55
2,26.691634,1,55
2,26.691738,1,55
2,26.691851,1,55
2,26.691909,1,55
2,26.692038,1,55
2,26.692240,1,55
2,26.701109,0,45
2,26.701211,0,154
2,26.701360,1,57
2,26.702352,0,45
2,26.702454,0,162
2,26.702602,1,57
2,26.703144,1,45
2,26.703197,0,39
2,26.703247,1,154
2,26.703385,0,39
2,26.703501,0,45
2,26.703642,0,1598
2,26.703848,0,1598
2,26.703898,0,686
2,26.703946,1,57
2,26.704662,1,45
2,26.704711,0,39
2,26.704757,1,154
2,26.704878,0,39
2,26.706790,1,45
2,26.706864,0,39
2,26.706938,1,671
2,26.707056,0,39
2,26.734179,1,45
2,26.734661,1,45
2,26.735024,1,45
2,26.735385,1,45
2,26.737948,1,45
2,26.738000,0,39
2,26.738051,1,280
2,26.738212,0,39
2,26.755166,1,45
2,26.755219,0,39
2,26.755268,1,178
2,26.755409,0,39
2,26.758245,1,45
2,26.758298,0,39
2,26.758348,1,1077
2,26.758555,0,39
2,26.770842,0,45
2,26.770944,0,440
2,26.771100,1,57
2,26.771784,1,45
2,26.772144,1,45
2,26.772779,1,45
2,26.772832,0,39
2,26.772882,1,178
2,26.773023,0,39
2,26.786733,0,45
2,26.786836,0,390
2,26.786989,1,57
2,26.816914,0,45
2,26.817016,0,154
2,26.817165,1,57
2,26.820538,0,45
2,26.820767,0,1602
2,26.821035,1,57
2,26.821545,0,45
2,26.823242,0,45
2,26.823611,1,45
2,26.823752,0,39
2,26.823801,1,154
2,26.823894,0,39
2,26.824328,0,45
2,26.824621,1,57
2,26.825246,0,45
2,26.825466,0,1598
2,26.825542,0,676
2,26.825977,0,45
2,26.826213,0,1598
2,26.826291,0,676
2,26.826396,1,57
2,26.829013,1,45
2,26.829279,0,39
2,26.829324,1,154
2,26.829429,0,39
2,26.841499,0,45
2,26.841601,0,205
2,26.841709,1,57
2,26.841858,1,45
2,26.842090,0,39
2,26.842234,1,280
2,26.842356,0,39
2,26.873213,0,45
2,26.873314,0,154
2,26.873466,1,57
2,26.881613,1,45
2,26.881670,0,39
2,26.881725,1,154
2,26.881870,0,39
2,26.951284,0,45
2,26.951760,0,45
2,26.952307,0,45
2,26.952359,0,45
2,26.953539,0,45
2,26.954071,0,45
2,26.954501,0,45
2,26.955406,0,45
2,26.956751,0,45
2,26.960033,0,45
2,26.960135,0,205
2,26.960282,1,57
2,26.995435,0,45
2,26.995537,0,424
2,26.995691,1,57
2,26.996465,1,45
2,26.996518,0,39
2,26.996568,1,154
2,26.996710,0,39
2,27.000619,1,45
2,27.000672,0,39
2,27.003735,1,45
2,27.003787,0,39
2,27.003837,1,154
2,27.004561,1,45
2,27.004614,0,39
2,27.004664,1,154
2,27.004804,0,39
2,27.105700,1,55
2,27.105754,0,39
2,27.205299,1,45
2,27.205352,0,39
2,27.205402,1,533
2,27.205545,0,39
2,27.218552,1,45
2,27.218644,0,39
2,27.218699,1,162
2,27.218858,0,39
2,27.221002,0,45
2,27.221139,0,953
2,27.221348,1,57
2,27.221888,1,45
2,27.221978,0,39
2,27.222029,1,154
2,27.222149,0,39
2,27.222266,1,45
2,27.222356,0,39
2,27.222575,1,533
2,27.222714,0,39
2,27.231720,0,45
2,27.231822,0,162
2,27.231970,1,57
2,27.232616,1,45
2,27.232669,0,39
2,27.232719,1,154
2,27.232859,0,39
2,27.241827,0,45
2,27.241963,0,953
2,27.242135,1,57
2,27.282611,1,45
2,27.282663,0,39
2,27.282713,1,154
2,27.282857,0,39
2,27.329144,1,45
2,27.329196,0,39
2,27.329246,1,178
2,27.329389,0,39
2,27.330893,1,45
2,27.330945,0,39
2,27.330995,1,851
2,27.331136,0,39
2,27.344770,0,45
2,27.344905,0,440
2,27.345064,1,57
2,27.346049,1,45
2,27.346101,0,39
2,27.346151,1,178
2,27.346291,0,39
2,27.364262,0,45
2,27.364364,0,390
2,27.364516,1,57
2,27.450761,0,45
2,27.450870,0,154
2,27.451020,1,57
2,27.522654,0,45
2,27.522823,0,424
2,27.522889,1,57
2,27.522995,1,45
2,27.523344,0,39
2,27.523451,1,154
2,27.523584,0,39
2,27.572342,1,45
2,27.572856,1,45
2,27.572908,0,39
2,27.572958,1,613
2,27.573102,0,39
2,27.656331,1,45
2,27.656384,0,39
2,27.656434,1,705
2,27.656576,0,39
2,27.684486,0,45
2,27.684588,0,728
2,27.684748,1,57
2,27.685446,1,45
2,27.685499,0,39
2,27.685548,1,154
2,27.685692,0,39
2,27.764571,0,45
2,27.764711,1,57
2,27.765411,1,45
2,27.765463,0,39
2,27.765513,1,154
2,27.765657,0,39
2,27.865863,1,55
2,27.865953,1,55
2,27.866002,1,55
2,27.866087,1,55
2,27.866442,1,55
2,27.866499,1,55
2,27.866549,1,55
2,27.866633,1,55
2,27.866711,1,55
2,27.866956,1,55
2,27.867048,1,55
2,27.867127,1,55
2,27.867381,1,55
2,27.867473,1,55
2,27.867553,1,55
2,27.868040,1,55
2,27.868132,1,55
2,27.868181,0,39
2,27.944036,1,45
2,27.944133,1,45
2,27.945005,1,45
2,27.945058,0,39
2,27.945108,1,162
2,27.945250,0,39
2,27.958675,0,45
2,27.958811,0,162
2,27.958953,1,57
2,27.959472,1,45
2,27.959524,0,39
2,27.959574,1,154
2,27.959716,0,39
2,27.968377,1,45
2,27.968428,0,39
2,27.968539,1,671
2,27.968690,0,39
2,27.984582,0,45
2,27.984685,0,154
2,27.984831,1,57
2,27.991106,0,45
2,27.991282,0,1572
2,27.991463,1,57
2,27.991994,1,45
2,27.992046,0,39
2,27.992103,1,154
2,27.992239,0,39
2,27.992341,0,45
2,27.992850,0,1568
2,27.992997,0,227
2,27.993049,1,57
2,27.993158,1,45
2,27.993417,0,39
2,27.993466,1,154
2,27.993585,0,39
2,28.023315,1,45
2,28.023367,0,39
2,28.023418,1,162
2,28.023560,0,39
2,28.040166,0,45
2,28.040269,0,162
2,28.040415,1,57
2,28.041005,1,45
2,28.041057,0,39
2,28.041107,1,154
2,28.041247,0,39
2,28.044552,1,45
2,28.044649,1,45
2,28.045571,1,45
2,28.045622,0,39
2,28.045672,1,671
2,28.045811,0,39
2,28.067486,0,45
2,28.067648,0,154
2,28.067840,1,57
2,28.075605,0,45
2,28.075701,0,1572
2,28.075877,1,57
2,28.076517,1,45
2,28.076564,0,39
2,28.076611,1,154
2,28.076730,0,39
2,28.076828,0,45
2,28.076993,0,1568
2,28.077151,0,405
2,28.077200,1,57
2,28.077911,1,45
2,28.078246,1,45
2,28.078295,0,39
2,28.078341,1,154
2,28.078514,0,39
2,28.097782,1,45
2,28.097870,0,39
2,28.097919,1,304
2,28.098060,0,39
2,28.098613,1,45
2,28.098666,0,39
2,28.098716,1,189
2,28.098855,0,39
2,28.104223,1,45
2,28.104275,0,39
2,28.104325,1,279
2,28.104464,0,39
2,28.105027,1,45
2,28.105080,0,39
2,28.105130,1,189
2,28.105271,0,39
2,28.107857,1,45
2,28.108337,1,45
2,28.108389,0,39
2,28.108439,1,154
2,28.108580,0,39
2,28.112615,1,45
2,28.112668,0,39
2,28.112718,1,301
2,28.112861,0,39
2,28.113800,1,45
2,28.114055,0,39
2,28.114108,1,189
2,28.114251,0,39
2,28.114405,1,45
2,28.114885,0,39
2,28.114938,1,268
2,28.115079,0,39
2,28.115585,1,45
2,28.115637,0,39
2,28.115687,1,189
2,28.115826,0,39
2,28.127027,0,45
2,28.127245,0,154
2,28.127375,1,57
2,28.129970,1,45
2,28.130173,0,39
2,28.130220,1,536
2,28.130717,1,45
2,28.130765,0,39
2,28.130835,1,536
2,28.131798,1,45
2,28.132411,0,45
2,28.132526,0,372
2,28.134088,0,45
2,28.134205,0,502
2,28.134307,0,193
2,28.134389,1,57
2,28.134764,1,45
2,28.134809,0,39
2,28.134879,1,536
2,28.135011,0,39
2,28.137759,0,45
2,28.137871,0,154
2,28.137967,1,57
2,28.138378,1,45
2,28.138423,0,39
2,28.138494,1,154
2,28.138587,0,39
2,28.138947,1,45
2,28.138992,0,39
2,28.139060,1,193
2,28.139153,0,39
2,28.139500,0,45
2,28.139613,0,154
2,28.139711,1,57
2,28.140108,1,45
2,28.140153,0,39
2,28.140223,1,286
2,28.140808,1,45
2,28.140852,0,39
2,28.140921,1,286
2,28.141015,0,39
2,28.141448,1,45
2,28.141594,0,39
2,28.141726,1,154
2,28.141833,0,39
2,28.147070,1,45
2,28.147122,0,39
2,28.147171,1,189
2,28.147305,0,39
2,28.156967,0,45
2,28.157069,0,154
2,28.157118,1,57
2,28.157840,0,45
2,28.158442,0,45
2,28.160027,0,45
2,28.160198,0,154
2,28.160363,1,57
2,28.163432,0,45
2,28.163567,0,154
2,28.163711,1,57
2,28.164326,0,45
2,28.164428,0,302
2,28.164576,0,1221
2,28.164737,0,193
2,28.164853,1,57
2,28.165588,1,45
2,28.165640,0,39
2,28.165689,1,154
2,28.165822,0,39
2,28.165935,1,45
2,28.166255,0,39
2,28.166308,1,193
2,28.166491,0,39
2,28.167884,1,45
2,28.167937,0,39
2,28.168014,1,162
2,28.168134,0,39
2,28.168230,0,45
2,28.168646,0,856
2,28.168803,1,57
2,28.169272,1,45
2,28.169324,0,39
2,28.169411,1,154
2,28.169532,0,39
2,28.169929,1,45
2,28.169977,0,39
2,28.170054,1,536
2,28.170168,0,39
2,28.177871,0,45
2,28.178070,0,154
2,28.178215,1,57
2,28.178800,0,45
2,28.178900,0,154
2,28.179043,1,57
2,28.186991,0,45
2,28.187200,0,162
2,28.187348,1,57
2,28.189387,1,45
2,28.189464,0,39
2,28.189557,1,154
2,28.189670,0,39
2,28.189759,0,45
2,28.190188,0,154
2,28.190315,1,57
2,28.202925,0,45
2,28.203028,0,856
2,28.203227,1,57
2,28.243397,1,45
2,28.243456,0,39
2,28.243565,1,154
2,28.243791,0,39
2,28.344256,1,55
2,28.344364,0,39
2,28.446475,1,45
2,28.447967,0,39
2,28.450780,0,39
2,28.452285,1,45
2,28.455233,1,45
2,28.456275,1,45
2,28.456327,0,39
2,28.457318,1,45
2,28.457370,0,39
2,28.457420,1,218
2,28.457560,0,39
2,28.458180,1,45
2,28.458618,1,45
2,28.459351,1,45
2,28.460261,1,45
2,28.460314,0,39
2,28.460364,1,528
2,28.460506,0,39
2,28.472296,0,45
2,28.472442,0,734
2,28.472601,1,57
2,28.473268,1,45
2,28.473321,0,39
2,28.473371,1,154
2,28.473509,0,39
2,28.474064,1,45
2,28.474117,0,39
2,28.474167,1,185
2,28.474308,0,39
2,28.484568,0,45
2,28.484670,0,446
2,28.484824,1,57
2,28.486022,1,45
2,28.486074,0,39
2,28.486124,1,193
2,28.486263,0,39
2,28.494445,0,45
2,28.494547,0,154
2,28.494698,1,57
2,28.498786,0,45
2,28.498961,0,154
2,28.499084,1,57
2,28.599221,1,55
2,28.599277,1,55
2,28.599361,1,55
2,28.599410,1,55
2,28.599921,1,55
2,28.600014,1,55
2,28.600063,1,55
2,28.600113,0,39
2,28.794766,1,45
2,28.795122,1,45
2,28.795174,0,39
2,28.795224,1,300
2,28.795460,0,39
2,28.896460,1,55
2,28.896566,1,55
2,28.896666,1,55
2,28.896791,1,55
2,28.896949,1,55
2,28.897005,1,55
2,28.897119,1,55
2,28.897169,0,39
2,28.956453,1,55
2,28.956543,1,55
2,28.956593,0,39
2,28.960711,0,45
2,28.960851,0,298
2,28.961003,1,57
2,28.964751,1,45
2,28.965311,1,45
2,28.966817,1,154
2,28.967949,1,45
2,28.976262,1,45
2,28.976315,0,39
2,28.976366,1,154
2,28.976416,0,39
2,29.061283,1,45
2,29.061335,0,39
2,29.061385,1,162
2,29.061526,0,39
2,29.081713,1,57
2,29.081766,1,45
2,29.081850,0,39
2,29.081936,0,39
2,29.082564,1,45
2,29.082617,0,39
2,29.089093,1,57
2,29.089892,1,45
2,29.089945,0,39
2,29.095480,1,45
2,29.096007,1,45
2,29.096601,1,45
2,29.097531,1,45
2,29.099328,1,45
2,29.103654,1,45
2,29.104816,1,45
2,29.106580,1,45
2,29.108674,1,45
2,29.108726,0,39
2,29.108776,1,667
2,29.108918,1,671
2,29.109094,0,57
2,29.112038,0,45
2,29.112140,0,154
2,29.112763,0,45
2,29.112865,0,154
2,29.113011,1,57
2,29.126568,0,45
2,29.126797,0,154
2,29.126913,1,57
2,29.132151,0,45
2,29.132396,0,1572
2,29.132552,1,57
2,29.133068,1,45
2,29.133113,0,39
2,29.133183,1,154
2,29.133280,0,39
2,29.133372,0,45
2,29.133758,0,1407
2,29.133889,0,154
2,29.133995,1,57
2,29.134348,1,45
2,29.134397,0,45
2,29.135304,1,45
2,29.135624,0,45
2,29.135961,0,1407
2,29.136055,0,154
2,29.136106,1,57
2,29.136330,1,45
2,29.136508,0,39
2,29.136557,1,154
2,29.136661,0,39
2,29.144117,0,45
2,29.144212,0,1572
2,29.144259,1,57
2,29.144306,1,45
2,29.144352,0,39
2,29.144397,1,154
2,29.144503,0,39
2,29.144592,0,45
2,29.144686,0,1410
2,29.144805,1,57
2,29.145263,1,45
2,29.145655,1,45
2,29.145700,0,39
2,29.145770,1,154
2,29.146436,1,45
2,29.146481,0,39
2,29.146552,1,154
2,29.146647,0,39
2,29.183044,1,45
2,29.183092,0,39
2,29.183138,1,154
2,29.183773,1,45
2,29.184476,1,45
2,29.184524,0,39
2,29.184571,1,154
2,29.185547,1,45
2,29.185595,0,39
2,29.185642,1,154
2,29.185761,0,39
2,29.188076,1,45
2,29.188170,0,39
2,29.188219,1,154
2,29.188353,0,39
2,29.202895,0,45
2,29.203032,0,154
2,29.203177,1,57
2,29.204018,1,45
2,29.204070,0,39
2,29.204120,1,154
2,29.204260,0,39
2,29.211049,0,45
2,29.211184,0,154
2,29.211331,1,57
2,29.211934,1,45
2,29.211986,0,39
2,29.212087,1,154
2,29.212221,0,39
2,29.219553,1,45
2,29.219605,0,39
2,29.219655,1,535
2,29.219796,0,39
2,29.220428,1,45
2,29.220481,0,39
2,29.220531,1,535
2,29.220672,0,39
2,29.232327,1,45
2,29.232380,0,39
2,29.232429,1,535
2,29.232570,0,39
2,29.249970,0,45
2,29.250150,0,154
2,29.250442,1,57
2,29.255810,0,45
2,29.255948,0,154
2,29.256100,1,57
2,29.262345,0,45
2,29.262440,0,855
2,29.262577,1,57
2,29.263136,1,45
2,29.263185,0,39
2,29.263231,1,154
2,29.263397,0,39
2,29.271081,0,45
2,29.271183,0,855
2,29.271411,1,57
2,29.271593,1,45
2,29.272194,1,45
2,29.272988,1,45
2,29.273700,1,45
2,29.276196,1,45
2,29.276248,0,39
2,29.276298,1,154
2,29.278005,1,45
2,29.278058,0,39
2,29.278107,1,154
2,29.279028,1,45
2,29.279081,0,39
2,29.279130,1,154
2,29.279273,0,39
2,29.379505,1,55
2,29.379595,1,55
2,29.379644,1,55
2,29.379694,0,39
2,30.031110,1,45
2,30.031961,1,45
2,30.032013,0,39
2,30.032063,1,159
2,30.032942,1,45
2,30.034136,1,45
2,30.035473,1,45
2,30.035525,0,39
2,30.035575,1,159
2,30.035717,0,39
2,30.048128,0,45
2,30.048264,0,175
2,30.048417,1,57
2,30.052356,1,45
2,30.052749,1,45
2,30.053386,1,45
2,30.053438,0,39
2,30.053488,1,159
2,30.053953,1,45
2,30.054006,0,39
2,30.054056,1,159
2,30.054262,0,39
2,30.067910,0,45
2,30.068195,0,187
2,30.068365,1,57
2,30.168265,1,55
2,30.168357,0,39
2,30.224058,1,45
2,30.224111,0,39
2,30.224161,1,264
2,30.224613,1,45
2,30.225153,1,45
2,30.225205,0,39
2,30.225255,1,264
2,30.226332,1,45
2,30.227763,1,45
2,30.231375,1,45
2,30.240345,1,45
2,30.249696,1,45
2,30.249792,0,39
2,30.249848,1,264
2,30.250006,0,39
2,30.250151,1,45
2,30.250210,0,39
2,30.250361,1,181
2,30.250472,1,154
2,30.250564,0,57
2,30.250664,1,45
2,30.250793,0,39
2,30.251016,1,154
2,30.251129,0,39
2,30.253481,1,264
2,30.254623,0,264
2,30.254990,0,45
2,30.255084,0,264
2,30.255232,1,57
2,30.255860,1,45
2,30.255908,0,39
2,30.255955,1,154
2,30.256074,0,39
2,30.256629,1,154
2,30.263438,1,45
2,30.263490,0,39
2,30.263540,1,154
2,30.263679,0,39
2,30.274360,0,45
2,30.274525,0,154
2,30.274709,1,57
2,30.275676,0,45
2,30.275779,0,154
2,30.275928,1,57
2,30.276430,1,45
2,30.276983,1,45
2,30.277035,0,39
2,30.277085,1,154
2,30.277228,0,39
2,30.283693,0,45
2,30.283795,0,154
2,30.283944,1,57
2,30.286066,0,45
2,30.286168,0,166
2,30.286316,1,57
2,30.386526,1,55
2,30.386582,0,39
2,31.822154,1,45
2,31.822513,1,45
2,31.823153,1,45
2,31.823630,1,45
2,31.826215,1,45
2,31.826267,0,39
2,31.826317,1,162
2,31.826464,0,39
2,31.843593,0,45
2,31.843745,0,162
2,31.843852,1,57
2,31.844103,1,45
2,31.844357,1,45
2,31.845255,1,45
2,31.846207,1,45
2,31.846260,0,39
2,31.846310,1,142
2,31.846450,0,39
2,31.899111,1,45
2,31.899643,1,45
2,31.899696,0,39
2,31.899746,1,162
2,31.899888,0,39
2,31.918304,0,45
2,31.918426,0,162
2,31.918541,1,57
2,31.919067,1,45
2,31.919115,0,39
2,31.919195,1,154
2,31.919564,1,45
2,31.920027,1,45
2,31.921471,1,45
2,31.921519,0,39
2,31.921566,1,154
2,31.921731,0,39
2,31.928245,1,45
2,31.928297,0,39
2,31.928347,1,671
2,31.928486,0,39
2,31.949255,1,45
2,31.949460,0,39
2,31.949509,1,154
2,31.949626,0,39
2,31.953092,0,45
2,31.953184,0,154
2,31.953296,1,57
2,31.953950,0,45
2,31.954453,0,45
2,31.954545,0,154
2,31.954680,1,57
2,31.958714,0,45
2,31.958838,0,1572
2,31.958999,1,57
2,31.959689,1,45
2,31.959737,0,39
2,31.959784,1,142
2,31.959943,0,39
2,31.959990,0,45
2,31.960401,0,1572
2,31.961616,0,45
2,31.961711,0,1568
2,31.961854,0,223
2,31.961971,0,154
2,31.962021,1,57
2,31.962914,1,45
2,31.962962,0,39
2,31.963008,1,138
2,31.963127,1,142
2,31.963219,0,57
2,31.963320,1,45
2,31.963721,0,39
2,31.963770,1,142
2,31.963891,0,39
2,32.064081,1,55
2,32.064138,0,39
2,32.663815,1,45
2,32.664292,1,45
2,32.665011,1,45
2,32.665715,1,45
2,32.665760,0,39
2,32.665805,1,154
2,32.665915,0,39
2,32.677436,0,45
2,32.677565,0,154
2,32.677688,1,57
2,32.778048,1,55
2,32.778106,0,39
2,33.233702,1,45
2,33.234173,1,45
2,33.234773,1,45
2,33.234861,0,39
2,33.234911,1,154
2,33.235054,0,39
2,33.253094,0,45
2,33.253196,0,154
2,33.253346,1,57
2,33.253825,1,45
2,33.253878,0,39
2,33.253963,1,154
2,33.254098,0,39
2,33.354413,1,55
2,33.354470,1,55
2,33.354520,1,55
2,33.354606,1,55
2,33.354656,0,39
2,33.370001,1,45
2,33.370063,0,39
2,33.370125,1,154
2,33.370296,0,39
2,33.385804,0,45
2,33.385940,0,154
2,33.386088,1,57
2,33.486279,1,55
2,33.486336,0,39
2,33.529811,1,45
2,33.529863,0,39
2,33.529913,1,154
2,33.530440,1,45
2,33.531109,1,45
2,33.532636,1,45
2,33.532682,0,39
2,33.532726,1,154
2,33.533980,1,45
2,33.534808,1,45
2,33.534855,0,39
2,33.534900,1,154
2,33.535013,0,39
2,33.550942,0,45
2,33.551044,1,57
2,33.654782,1,55
2,33.658291,1,55
2,33.660656,1,55
2,33.664283,1,55
2,33.667693,1,55
2,33.671063,1,55
2,33.671150,1,55
2,33.671585,1,55
2,33.671634,1,55
2,33.671678,1,55
2,33.671749,1,55
2,33.671793,1,55
2,33.672226,1,55
2,33.672275,1,55
2,33.672320,1,55
2,33.672392,1,55
2,33.672832,1,55
2,33.705644,1,55
2,33.705691,1,55
2,33.705763,1,55
2,33.705831,1,55
2,33.706035,1,55
2,33.706446,1,55
2,33.706505,1,55
2,33.706596,1,55
2,33.706686,1,55
2,33.706941,1,55
2,33.707092,1,55
2,33.707139,1,55
2,33.707211,1,55
2,33.707401,1,55
2,33.707576,1,55
2,33.707896,1,55
2,33.707942,1,55
2,33.741195,1,55
2,33.741252,0,39
2,34.478807,1,45
2,34.478856,0,39
2,34.478903,1,154
2,34.479617,1,45
2,34.479665,0,39
2,34.479712,1,154
2,34.480681,1,45
2,34.480730,0,39
2,34.480776,1,154
2,34.480896,0,39
2,34.501062,0,45
2,34.501187,1,57
2,34.601600,1,55
2,34.601659,0,39
2,34.965802,1,45
2,34.965850,0,39
2,34.965897,1,154
2,34.966036,0,39
2,34.984245,0,45
2,34.984347,0,154
2,34.984493,1,57
2,35.084465,1,55
2,35.084576,0,39
2,35.266195,1,45
2,35.266248,0,39
2,35.266298,1,264
2,35.266506,1,45
2,35.266603,0,39
2,35.266739,1,264
2,35.266944,0,39
2,35.267867,1,264
2,35.268792,0,264
2,35.268991,0,45
2,35.269081,0,264
2,35.269218,1,57
2,35.269662,1,45
2,35.269709,1,45
2,35.269754,1,45
2,35.270703,1,45
2,35.270750,0,39
2,35.270795,1,154
2,35.270897,0,39
2,35.271101,1,154
2,35.370902,1,55
2,35.371000,0,39
2,35.523103,1,45
2,35.523199,0,39
2,35.523248,1,844
2,35.523373,0,39
2,35.528608,1,45
2,35.528660,1,45
2,35.528709,1,45
2,35.529954,1,45
2,35.531930,1,45
2,35.535681,1,45
2,35.542151,1,45
2,35.550109,1,45
2,35.550161,0,39
2,35.550211,1,178
2,35.550353,0,39
2,35.566400,0,45
2,35.566499,0,440
2,35.566655,1,57
2,35.566806,0,45
2,35.566980,0,440
2,35.567168,1,57
2,35.581552,1,45
2,35.581640,1,45
2,35.582534,1,45
2,35.583523,1,45
2,35.583575,0,39
2,35.583625,1,178
2,35.583764,0,39
2,35.597537,0,45
2,35.597632,0,390
2,35.597678,1,57
2,35.598450,0,45
2,35.598997,0,45
2,35.599977,0,45
2,35.600071,0,390
2,35.600197,1,57
2,35.638598,0,45
2,35.638692,0,154
2,35.638814,1,57
2,35.709886,0,45
2,35.709979,0,424
2,35.710090,1,57
2,35.710273,1,45
2,35.710319,0,39
2,35.710364,1,154
2,35.710465,0,39
2,35.810739,1,55
2,35.810829,1,55
2,35.810879,1,55
2,35.810964,1,55
2,35.811014,1,55
2,35.811093,1,55
2,35.811544,1,55
2,35.811715,1,55
2,35.811770,1,55
2,35.811874,1,55
2,35.811934,1,55
2,35.812030,1,55
2,35.812090,1,55
2,35.812242,0,39
2,37.145502,1,45
2,37.145559,0,39
2,37.145611,1,154
2,37.145750,0,39
2,37.162591,0,45
2,37.162688,0,154
2,37.162805,1,57
2,37.163234,0,45
2,37.163325,0,154
2,37.163424,1,57
2,37.163835,0,45
2,37.164336,0,45
2,37.165119,0,154
2,37.165226,1,57
2,37.166019,0,45
2,37.166109,0,154
2,37.166210,1,57
2,37.257063,1,45
2,37.257116,1,45
2,37.257165,0,39
2,37.257266,1,154
2,37.257386,0,39
2,37.269234,1,45
2,37.269346,1,45
2,37.269568,1,45
2,37.269813,0,45
2,37.269904,0,154
2,37.270004,1,57
2,37.270094,1,45
2,37.270140,0,39
2,37.270186,1,175
2,37.270290,0,39
2,37.290073,0,45
2,37.290209,0,216
2,37.290356,1,57
2,37.290999,1,45
2,37.291052,1,45
2,37.291677,1,45
2,37.292343,1,45
2,37.293530,1,45
2,37.293583,0,39
2,37.293632,1,175
2,37.297391,1,45
2,37.297492,0,39
2,37.297554,1,175
2,37.311541,1,45
2,37.311594,0,39
2,37.311644,1,175
2,37.311785,0,39
2,37.324367,0,45
2,37.324526,0,228
2,37.324684,1,57
2,37.326004,1,45
2,37.326052,1,45
2,37.326098,0,39
2,37.326145,1,162
2,37.326267,0,39
2,37.348807,0,45
2,37.348905,0,45
2,37.349255,0,45
2,37.349939,0,45
2,37.349992,0,45
2,37.350638,0,45
2,37.351538,0,45
2,37.351640,0,162
2,37.351787,1,57
2,37.352255,1,45
2,37.352307,0,39
2,37.352357,1,154
2,37.352497,0,39
2,37.366677,1,45
2,37.366771,1,45
2,37.367279,1,45
2,37.368387,1,45
2,37.369096,1,45
2,37.369148,0,39
2,37.369198,1,671
2,37.369389,0,39
2,37.386956,0,45
2,37.387059,0,154
2,37.387206,1,57
2,37.396664,0,45
2,37.396730,0,1572
2,37.397089,0,39
2,37.397150,0,39
2,37.397202,0,45
2,37.397348,0,1568
2,37.397532,0,188
2,37.397725,1,57
2,37.397826,0,39
2,37.397875,1,154
2,37.453075,1,45
2,37.453172,0,39
2,37.453232,1,535
2,37.453390,0,39
2,37.474649,0,45
2,37.474749,0,154
2,37.474893,1,57
2,37.475013,0,45
2,37.475113,0,154
2,37.475327,1,57
2,37.487287,0,45
2,37.487382,0,855
2,37.487484,1,57
2,37.487587,1,45
2,37.487634,0,39
2,37.487681,1,154
2,37.487789,0,39
2,37.495899,1,45
2,37.495951,1,45
2,37.496606,1,45
2,37.496658,0,39
2,37.496708,1,218
2,37.496850,0,39
2,37.496966,1,45
2,37.497016,1,45
2,37.497881,1,45
2,37.498207,1,45
2,37.498260,0,39
2,37.498311,1,612
2,37.500026,1,45
2,37.503451,1,45
2,37.506261,1,45
2,37.514672,1,45
2,37.514725,0,39
2,37.514775,1,612
2,37.514914,0,39
2,37.524420,0,45
2,37.524646,0,734
2,37.524815,1,57
2,37.524946,1,45
2,37.525010,0,39
2,37.525117,1,154
2,37.525228,0,39
2,37.525617,1,45
2,37.525665,0,39
2,37.525711,1,185
2,37.525824,0,39
2,37.529574,0,45
2,37.529676,0,185
2,37.529822,1,57
2,37.546309,0,45
2,37.546412,0,154
2,37.546556,1,57
2,37.556798,0,45
2,37.556957,0,1147
2,37.557134,1,57
2,37.557267,0,45
2,37.557470,0,384
2,37.557594,0,267
2,37.557646,0,193
2,37.557694,1,57
2,37.557803,1,45
2,37.557849,0,39
2,37.557895,1,154
2,37.558002,0,39
2,37.559007,1,45
2,37.559056,0,39
2,37.559103,1,154
2,37.559198,0,39
2,37.559300,1,45
2,37.559347,0,39
2,37.559393,1,193
2,37.559500,0,39
2,37.585336,0,45
2,37.585429,0,154
2,37.585548,1,57
2,37.685055,1,45
2,37.685170,1,45
2,37.685786,1,45
2,37.685833,1,45
2,37.687824,1,45
2,37.689707,1,45
2,37.689757,0,39
2,37.689807,1,154
2,37.689924,0,39
2,37.790175,1,55
2,37.790267,0,39
2,37.857572,1,55
2,37.857626,1,55
2,37.857706,0,39
2,37.857942,1,55
2,37.857999,0,39
2,37.858049,0,45
2,37.858755,0,45
2,37.858907,1,57
2,37.960059,1,55
2,37.960113,0,39
2,38.499346,1,45
2,38.499438,0,39
2,38.499494,1,162
2,38.499649,0,39
2,38.514355,0,45
2,38.514455,0,162
2,38.514601,1,57
2,38.514712,1,45
2,38.515099,1,45
2,38.515687,1,45
2,38.515736,1,45
2,38.515782,0,39
2,38.515829,1,154
2,38.515955,0,39
2,38.519380,1,45
2,38.519429,1,45
2,38.520298,1,45
2,38.521213,1,45
2,38.523427,1,45
2,38.523475,0,39
2,38.523522,1,671
2,38.523641,0,39
2,38.542073,0,45
2,38.542175,0,154
2,38.542317,1,57
2,38.549736,0,45
2,38.549901,0,1572
2,38.550201,1,57
2,38.550257,1,45
2,38.550456,1,45
2,38.551015,1,45
2,38.551067,1,45
2,38.551429,0,45
2,38.551532,0,1361
2,38.551703,1,57
2,38.553045,1,45
2,38.553098,0,39
2,38.553147,1,150
2,38.553288,1,154
2,38.553393,0,57
2,38.567615,0,45
2,38.567717,0,154
2,38.567864,1,57
2,38.567990,0,45
2,38.568099,0,154
2,38.568275,1,57
2,38.580474,1,45
2,38.580635,0,39
2,38.580699,1,535
2,38.580858,0,39
2,38.614376,0,45
2,38.614478,0,154
2,38.614623,1,57
2,38.628017,0,45
2,38.628120,0,855
2,38.628272,1,57
2,38.628394,1,45
2,38.628444,0,39
2,38.628493,1,154
2,38.628625,0,39
2,38.633368,1,45
2,38.633421,0,39
2,38.633471,1,218
2,38.633610,0,39
2,38.636078,1,45
2,38.636130,0,39
2,38.636180,1,324
2,38.636288,0,39
2,38.636532,1,45
2,38.636584,1,45
2,38.637352,1,45
2,38.637612,1,45
2,38.640037,1,45
2,38.642284,1,45
2,38.642335,0,39
2,38.642382,1,720
2,38.642502,0,39
2,38.650474,0,45
2,38.650575,0,154
2,38.650722,1,57
2,38.650845,0,45
2,38.650944,0,730
2,38.651055,0,185
2,38.651190,1,57
2,38.651292,1,45
2,38.651337,0,39
2,38.651411,1,150
2,38.651512,1,154
2,38.651602,0,57
2,38.652247,1,45
2,38.652295,0,39
2,38.652342,1,185
2,38.652462,0,39
2,38.663811,0,45
2,38.663914,0,154
2,38.664068,1,57
2,38.667094,0,45
2,38.667192,0,154
2,38.667349,0,45
2,38.667443,0,154
2,38.667631,1,57
2,38.679634,1,150
2,38.679747,1,193
2,38.679841,0,57
2,38.718770,0,45
2,38.718872,0,154
2,38.719017,1,57
2,38.719267,0,45
2,38.719368,0,154
2,38.719500,1,57
2,38.720060,0,45
2,38.720341,0,45
2,38.720934,0,45
2,38.721927,0,45
2,38.722767,0,45
2,38.722879,1,57
2,38.823057,1,55
2,38.823115,0,39
2,39.271593,1,45
2,39.271641,0,39
2,39.271688,1,154
2,39.271812,0,39
2,39.291078,0,45
2,39.291167,0,45
2,39.291267,0,154
2,39.291420,1,57
2,39.393527,1,55
2,39.393581,0,39
2,39.881646,1,45
2,39.881699,0,39
2,39.881749,1,162
2,39.881889,0,39
2,39.894425,0,45
2,39.894627,0,162
2,39.894819,1,57
2,39.894984,1,45
2,39.895039,1,45
2,39.895168,0,39
2,39.895214,1,142
2,39.895899,0,45
2,39.895993,1,45
2,39.896071,0,39
2,39.896118,1,142
2,39.896237,0,39
2,39.896336,0,45
2,39.896429,0,162
2,39.896542,1,57
2,39.897189,0,45
2,39.897964,0,45
2,39.898059,0,162
2,39.898184,1,57
2,39.898976,0,45
2,39.899620,0,45
2,39.899716,0,162
2,39.899838,1,57
2,39.900191,0,45
2,39.900286,0,162
2,39.900409,1,57
2,39.911116,1,45
2,39.911201,1,45
2,39.911250,0,39
2,39.927717,0,45
2,39.928266,0,45
2,39.928360,0,162
2,39.928480,1,57
2,39.928577,1,45
2,39.928623,0,39
2,39.928704,1,142
2,39.928809,0,39
2,39.928890,0,45
2,39.929141,0,162
2,39.929255,1,57
2,39.935313,1,45
2,39.935363,0,39
2,39.935413,1,162
2,39.935617,0,39
2,39.959042,1,57
2,40.059861,1,55
2,40.059952,0,39
2,40.271821,1,45
2,40.271874,1,45
2,40.272488,1,45
2,40.273519,1,45
2,40.275512,1,45
2,40.278200,1,45
2,40.284505,1,45
2,40.284558,0,39
2,40.284608,1,264
2,40.284749,0,39
2,40.285859,1,264
2,40.287261,0,264
2,40.290150,0,264
2,40.290310,0,45
2,40.290482,0,264
2,40.290613,1,57
2,40.290850,1,45
2,40.290902,0,39
2,40.290952,1,154
2,40.291081,0,39
2,40.292072,1,154
2,40.391311,1,55
2,40.391369,0,39
2,40.436482,1,45
2,40.436534,1,45
2,40.436797,1,45
2,40.436850,0,39
2,40.436900,1,304
2,40.437038,0,39
2,40.443594,1,45
2,40.443651,1,45
2,40.444077,1,45
2,40.444130,1,45
2,40.444215,0,39
2,40.444265,1,162
2,40.444403,0,39
2,40.453633,0,45
2,40.453753,0,154
2,40.453935,1,57
2,40.456348,0,45
2,40.456450,0,354
2,40.456601,1,57
2,40.457388,0,45
2,40.457490,0,1572
2,40.457629,1,57
2,40.457753,1,45
2,40.457805,0,39
2,40.457854,1,154
2,40.457988,0,39
2,40.458199,0,45
2,40.458295,0,1568
2,40.458395,0,1568
2,40.458507,0,1568
2,40.458557,0,1572
2,40.458604,1,57
2,40.458918,1,45
2,40.458966,0,39
2,40.459012,0,39
2,40.459058,0,45
2,40.459988,1,57
2,40.460036,1,45
2,40.460082,0,39
2,40.460172,0,39
2,40.460244,0,45
2,40.460893,0,1572
2,40.460941,1,57
2,40.460988,1,45
2,40.461034,0,39
2,40.461079,1,150
2,40.461201,1,154
2,40.461345,0,57
2,40.461392,0,45
2,40.461490,0,1572
2,40.461621,1,57
2,40.461740,1,45
2,40.461798,0,39
2,40.461856,1,150
2,40.461975,1,154
2,40.462079,0,57
2,40.462138,0,45
2,40.462305,0,1568
2,40.462434,0,1572
2,40.462484,1,57
2,40.462529,1,45
2,40.462631,0,39
2,40.462676,1,154
2,40.462767,0,39
2,40.462814,0,45
2,40.462939,0,1568
2,40.463064,0,1568
2,40.463155,0,1572
2,40.463204,1,57
2,40.463567,1,45
2,40.463615,0,39
2,40.463660,1,154
2,40.463753,0,39
2,40.463799,0,45
2,40.463947,0,1572
2,40.464308,0,45
2,40.464402,0,1572
2,40.464567,1,57
2,40.464613,1,45
2,40.464705,1,45
2,40.465528,1,45
2,40.465576,0,39
2,40.465622,1,154
2,40.465734,0,39
2,40.471291,0,45
2,40.471389,0,162
2,40.471493,1,57
2,40.471620,1,45
2,40.471671,0,39
2,40.471719,1,154
2,40.471861,0,39
2,40.471993,0,45
2,40.472087,0,1572
2,40.472221,1,57
2,40.472702,0,45
2,40.472797,0,1572
2,40.472930,1,57
2,40.473037,1,45
2,40.473085,0,39
2,40.473130,1,154
2,40.473246,0,39
2,40.473291,0,45
2,40.473466,0,1568
2,40.473600,0,1572
2,40.473653,1,57
2,40.473756,1,45
2,40.473803,0,39
2,40.473849,1,154
2,40.473998,0,39
2,40.479545,0,45
2,40.479675,0,1572
2,40.479844,1,57
2,40.480205,0,45
2,40.480338,0,1568
2,40.480451,0,1568
2,40.480548,0,1572
2,40.480599,1,57
2,40.482069,0,45
2,40.482159,0,1568
2,40.482263,0,1572
2,40.482315,1,45
2,40.482362,1,45
2,40.482472,1,45
2,40.482521,0,39
2,40.482568,1,150
2,40.482682,1,667
2,40.482771,1,154
2,40.482825,0,57
2,40.482870,0,45
2,40.483011,0,1568
2,40.483148,0,1568
2,40.483201,0,1572
2,40.483571,0,45
2,40.483710,0,1568
2,40.483797,0,1568
2,40.483874,0,1572
2,40.483926,1,57
2,40.484367,1,45
2,40.484415,0,39
2,40.484463,1,154
2,40.484576,0,39
2,40.484661,0,45
2,40.484756,0,1568
2,40.484895,0,1568
2,40.484962,0,1568
2,40.485076,0,1568
2,40.485127,0,1568
2,40.485202,0,1568
2,40.485281,0,1568
2,40.485414,0,1568
2,40.485565,0,1568
2,40.485746,0,1568
2,40.485806,0,1572
2,40.485864,1,57
2,40.486322,1,45
2,40.486370,0,39
2,40.486417,1,154
2,40.486556,0,45
2,40.486739,0,1568
2,40.486854,0,1568
2,40.486926,0,1568
2,40.486972,0,1568
2,40.487040,0,1568
2,40.487126,0,1568
2,40.487265,0,1572
2,40.487312,1,57
2,40.487382,1,45
2,40.487542,0,39
2,40.487590,1,154
2,40.487692,0,39
2,40.487766,1,45
2,40.487812,1,45
2,40.487858,0,39
2,40.487941,1,150
2,40.488037,1,150
2,40.488123,1,154
2,40.488173,0,57
2,40.488249,0,45
2,40.488537,0,1508
2,40.488654,1,57
2,40.488699,1,45
2,40.488780,0,39
2,40.488824,1,154
2,40.488917,0,39
2,40.492832,1,45
2,40.492926,0,39
2,40.492982,1,193
2,40.493124,0,39
2,40.505778,0,45
2,40.505880,0,154
2,40.506026,1,57
2,40.511741,0,45
2,40.511842,0,1572
2,40.512020,1,57
2,40.512136,0,45
2,40.512236,0,1568
2,40.512460,0,1572
2,40.512552,1,57
2,40.512605,1,45
2,40.512657,0,39
2,40.512776,1,154
2,40.512882,0,39
2,40.512929,1,45
2,40.512974,0,39
2,40.513021,1,154
2,40.513166,0,39
2,40.513213,0,45
2,40.513305,0,1149
2,40.513650,0,45
2,40.513744,0,1149
2,40.513878,1,57
2,40.514028,1,45
2,40.514107,1,45
2,40.514153,0,39
2,40.514224,1,154
2,40.514320,0,39
2,40.522742,0,45
2,40.522844,0,154
2,40.522990,1,57
2,40.622922,1,55
2,40.622971,1,55
2,40.623048,1,55
2,40.623336,1,55
2,40.623386,1,55
2,40.623433,1,55
2,40.623510,1,55
2,40.623965,1,55
2,40.624050,0,39
2,40.702658,1,45
2,40.707225,1,45
2,40.707272,0,39
2,40.707319,1,535
2,40.707366,0,39
2,40.716843,1,45
2,40.716895,0,39
2,40.716945,1,305
2,40.717081,0,39
2,40.717473,0,39
2,40.717521,1,162
2,40.717705,0,39
2,40.724776,0,39
2,40.724875,0,39
2,40.727528,0,45
2,40.727630,0,154
2,40.727779,1,57
2,40.728414,0,45
2,40.728516,0,154
2,40.728659,1,57
2,40.729215,0,45
2,40.729317,0,266
2,40.729464,1,57
2,40.729856,0,45
2,40.729958,0,1568
2,40.730229,0,1572
2,40.730292,1,57
2,40.730341,1,45
2,40.730435,0,39
2,40.730547,1,154
2,40.730649,0,39
2,40.730695,0,45
2,40.730833,0,1568
2,40.730962,0,1568
2,40.731056,0,1568
2,40.731104,0,1568
2,40.731151,0,1572
2,40.731229,1,57
2,40.731883,1,45
2,40.731930,0,39
2,40.731977,1,154
2,40.732097,0,39
2,40.732143,0,45
2,40.732287,0,1568
2,40.732420,0,1568
2,40.732470,0,1568
2,40.732517,0,1568
2,40.732616,0,1568
2,40.732665,0,1572
2,40.732712,1,57
2,40.732758,1,45
2,40.732838,0,39
2,40.732883,1,154
2,40.732987,0,39
2,40.733069,0,45
2,40.733159,0,1568
2,40.733308,0,1568
2,40.733356,0,1568
2,40.733440,0,1568
2,40.733763,0,1572
2,40.733859,1,57
2,40.734111,0,45
2,40.734260,0,1568
2,40.734452,0,1568
2,40.734600,0,1568
2,40.734652,0,1572
2,40.734701,1,57
2,40.736414,0,45
2,40.736507,0,1568
2,40.736688,0,1568
2,40.736741,0,1568
2,40.736796,0,1568
2,40.736893,0,1572
2,40.737021,1,57
2,40.737396,0,45
2,40.737489,0,1568
2,40.737624,0,1568
2,40.737673,0,1568
2,40.737771,0,1568
2,40.737821,0,1240
2,40.737904,1,57
2,40.738504,0,45
2,40.738599,0,162
2,40.738720,1,57
2,40.738826,1,45
2,40.738874,0,39
2,40.738921,1,154
2,40.739036,0,39
2,40.739082,0,45
2,40.739258,0,855
2,40.739374,1,57
2,40.739422,1,45
2,40.739468,0,39
2,40.739567,1,154
2,40.739726,0,39
2,40.744373,0,45
2,40.744466,0,267
2,40.747884,0,45
2,40.747978,0,267
2,40.748085,1,57
2,40.748133,0,45
2,40.748269,0,1568
2,40.748398,0,1568
2,40.748496,0,1568
2,40.748545,0,1568
2,40.748591,0,1568
2,40.748667,0,1568
2,40.748738,0,1568
2,40.748808,0,1568
2,40.749016,0,1568
2,40.749105,0,1568
2,40.749188,0,1572
2,40.750148,0,45
2,40.750747,0,45
2,40.751548,0,45
2,40.751642,0,1568
2,40.751747,0,1568
2,40.751834,0,1568
2,40.751923,0,1568
2,40.751975,0,1568
2,40.752053,0,1568
2,40.752105,0,1568
2,40.752181,0,1568
2,40.752235,0,1568
2,40.752310,0,1568
2,40.752425,0,1572
2,40.752479,1,57
2,40.755219,0,45
2,40.755348,0,1568
2,40.755524,0,1568
2,40.755667,0,1568
2,40.755715,0,810
2,40.755827,1,57
2,40.756526,1,45
2,40.756574,0,39
2,40.756621,1,154
2,40.756742,0,39
2,40.764427,1,45
2,40.764479,0,39
2,40.764529,1,305
2,40.764668,0,39
2,40.766526,1,45
2,40.766627,0,39
2,40.766689,1,193
2,40.766846,0,39
2,40.778599,0,45
2,40.778701,0,154
2,40.778849,1,57
2,40.780435,1,45
2,40.780488,1,45
2,40.780537,1,45
2,40.781047,1,45
2,40.782410,0,45
2,40.782560,0,266
2,40.782716,1,57
2,40.782843,0,45
2,40.783070,0,1568
2,40.783210,0,1568
2,40.783311,0,1568
2,40.783360,0,1568
2,40.783435,0,1568
2,40.783482,0,1568
2,40.783553,0,1568
2,40.783759,0,1568
2,40.783847,0,1568
2,40.783925,0,1568
2,40.783995,0,1568
2,40.784394,0,1572
2,40.784638,0,45
2,40.784732,0,1568
2,40.784864,0,1568
2,40.784919,0,1568
2,40.784995,0,1568
2,40.785413,0,1568
2,40.785518,0,1568
2,40.785572,0,1568
2,40.785625,0,1568
2,40.785709,0,1568
2,40.785798,0,1568
2,40.785852,0,1568
2,40.785932,0,1572
2,40.786021,1,57
2,40.786394,1,45
2,40.786443,0,45
2,40.786536,0,1568
2,40.786709,0,1568
2,40.786760,0,1568
2,40.786806,0,1568
2,40.786888,0,1568
2,40.786960,0,1568
2,40.787029,0,1568
2,40.787267,0,1568
2,40.787353,0,1568
2,40.787431,0,1568
2,40.787478,0,1568
2,40.787548,0,1568
2,40.787747,0,1568
2,40.787800,0,1568
2,40.787876,0,1568
2,40.787961,0,1572
2,40.791415,0,45
2,40.791511,0,1568
2,40.791575,0,1568
2,40.791693,0,1568
2,40.791747,0,1568
2,40.791799,0,1568
2,40.791874,0,1568
2,40.791950,0,1568
2,40.792061,0,1568
2,40.792134,0,1568
2,40.792209,0,1568
2,40.792425,0,1568
2,40.792528,0,1568
2,40.792615,0,1568
2,40.792668,0,1568
2,40.792743,0,1568
2,40.792947,0,1572
2,40.793050,1,57
2,40.793822,0,45
2,40.793917,0,1568
2,40.794024,0,1572
2,40.794077,1,57
2,40.794179,0,45
2,40.794395,0,1568
2,40.794522,0,1572
2,40.794572,1,57
2,40.794659,0,45
2,40.795030,0,1568
2,40.795142,0,1270
2,40.795194,1,57
2,40.795241,1,45
2,40.795287,0,39
2,40.795399,1,667
2,40.795512,1,158
2,40.795603,1,214
2,40.795693,1,150
2,40.795783,1,150
2,40.795874,1,150
2,40.795981,1,150
2,40.796074,1,154
2,40.796215,0,57
2,40.812603,1,45
2,40.812656,1,45
2,40.813214,1,45
2,40.813267,1,45
2,40.813317,0,39
2,40.813366,1,324
2,40.813507,0,39
2,40.813625,1,45
2,40.813742,0,39
2,40.813797,1,154
2,40.813943,0,39
2,40.814001,1,45
2,40.814059,0,39
2,40.814172,1,527
2,40.814291,0,39
2,40.814350,0,45
2,40.814466,0,154
2,40.814576,1,57
2,40.814665,0,45
2,40.814784,0,734
2,40.814924,1,57
2,40.815554,0,45
2,40.815650,0,162
2,40.815773,1,57
2,40.816357,1,45
2,40.816406,1,45
2,40.816452,0,39
2,40.816499,1,150
2,40.816620,1,142
2,40.816794,1,45
2,40.816844,0,39
2,40.816894,1,150
2,40.817015,1,142
2,40.817108,0,57
2,40.817930,1,45
2,40.817979,0,39
2,40.818025,1,193
2,40.818145,0,39
2,40.819260,1,45
2,40.819308,0,39
2,40.819354,1,272
2,40.819475,1,45
2,40.819576,0,39
2,40.819622,1,272
2,40.819734,0,39
2,40.820005,1,45
2,40.820053,0,39
2,40.820099,1,185
2,40.820263,1,45
2,40.820892,1,45
2,40.821264,1,45
2,40.822078,0,45
2,40.822197,0,1572
2,40.822554,1,45
2,40.824027,0,45
2,40.824076,1,57
2,40.829623,1,45
2,40.830138,0,45
2,40.830294,0,1568
2,40.830481,0,1568
2,40.830581,0,1148
2,40.830776,1,57
2,40.831738,0,45
2,40.831833,0,185
2,40.831958,1,57
2,40.832006,1,45
2,40.832100,0,39
2,40.832147,1,185
2,40.832244,0,39
2,40.832338,1,45
2,40.832384,0,39
2,40.832431,1,150
2,40.832537,1,154
2,40.832628,0,57
2,40.840707,0,45
2,40.840810,0,154
2,40.840960,1,57
2,40.841696,0,45
2,40.841798,0,609
2,40.841950,1,57
2,40.842164,0,45
2,40.842421,1,57
2,40.842571,1,45
2,40.842632,0,39
2,40.843261,1,45
2,40.843705,1,45
2,40.844207,0,45
2,40.844784,0,45
2,40.845093,1,45
2,40.845146,0,39
2,40.845196,1,154
2,40.845336,0,39
2,40.846855,0,45
2,40.846957,0,1572
2,40.847135,1,57
2,40.850615,0,45
2,40.850753,0,1465
2,40.850930,0,281
2,40.850985,0,1568
2,40.851036,0,919
2,40.851086,0,264
2,40.851314,0,1568
2,40.851401,0,1568
2,40.851457,0,786
2,40.851512,0,154
2,40.851565,1,57
2,40.851669,1,45
2,40.851760,0,39
2,40.851908,1,45
2,40.851954,1,45
2,40.852000,1,45
2,40.852806,1,45
2,40.855709,1,45
2,40.857209,0,45
2,40.857304,0,154
2,40.857429,1,57
2,40.858281,0,45
2,40.858376,0,154
2,40.858502,1,57
2,40.864553,1,45
2,40.864606,0,39
2,40.864656,1,154
2,40.864800,0,39
2,40.864849,1,45
2,40.864971,0,39
2,40.865022,1,150
2,40.865146,1,150
2,40.865265,1,150
2,40.865356,1,189
2,40.865445,0,57
2,40.873015,1,45
2,40.873068,1,45
2,40.873981,1,45
2,40.874884,1,45
2,40.874937,0,39
2,40.874986,1,193
2,40.875128,0,39
2,40.900042,0,45
2,40.900144,0,154
2,40.900292,1,57
2,40.901144,1,45
2,40.901197,0,39
2,40.901247,1,218
2,40.901389,0,39
2,40.902066,1,45
2,40.902163,0,39
2,40.902222,1,341
2,40.902382,0,39
2,40.903009,1,45
2,40.903061,0,39
2,40.903110,1,272
2,40.903236,0,39
2,40.919316,0,45
2,40.919411,0,734
2,40.919553,0,45
2,40.919694,0,734
2,40.919793,1,57
2,40.919883,1,45
2,40.919929,0,39
2,40.919974,1,163
2,40.920130,0,39
2,40.920178,0,45
2,40.920343,0,185
2,40.920452,1,57
2,40.920500,1,45
2,40.920597,0,39
2,40.920644,1,154
2,40.920749,0,39
2,40.920838,1,45
2,40.920884,1,45
2,40.920955,0,39
2,40.921001,1,150
2,40.921142,1,174
2,40.921238,1,154
2,40.921329,0,57
2,40.929800,0,45
2,40.929896,0,266
2,40.929997,1,57
2,40.930045,1,45
2,40.930091,0,39
2,40.930193,1,267
2,40.930302,1,45
2,40.930348,1,45
2,40.931661,1,45
2,40.932385,0,45
2,40.932480,0,1572
2,40.932626,1,57
2,40.933176,0,45
2,40.933271,0,1568
2,40.933413,0,861
2,40.933465,0,189
2,40.933512,0,154
2,40.933559,1,57
2,40.934097,1,45
2,40.934156,0,39
2,40.934214,1,267
2,40.934350,0,39
2,40.934408,1,45
2,40.934466,0,39
2,40.934589,1,150
2,40.934705,1,150
2,40.934809,1,150
2,40.934916,1,193
2,40.935014,0,57
2,40.935062,1,45
2,40.935108,0,39
2,40.935154,1,293
2,40.935303,0,39
2,40.935349,1,45
2,40.935395,0,39
2,40.935441,1,189
2,40.935546,0,39
2,40.941344,0,45
2,40.941447,0,421
2,40.941626,1,57
2,40.942762,0,45
2,40.942855,0,154
2,40.942970,1,57
2,40.945561,0,45
2,40.945701,0,154
2,40.945832,1,57
2,40.947608,1,45
2,40.947664,1,45
2,40.947718,0,39
2,40.947770,1,163
2,40.947929,1,45
2,40.948126,0,39
2,40.948177,1,163
2,40.948295,0,39
2,40.949144,0,45
2,40.949261,0,154
2,40.949375,1,57
2,40.952716,0,45
2,40.952811,0,154
2,40.953090,0,45
2,40.953182,0,154
2,40.953321,1,57
2,40.955835,0,45
2,40.956459,0,45
2,40.956562,0,154
2,40.956711,1,57
2,40.962378,0,45
2,40.962480,0,225
2,40.962626,1,57
2,41.006492,0,282
2,41.006653,1,57
2,41.007472,0,45
2,41.007610,0,269
2,41.007758,0,181
2,41.007813,0,193
2,41.007865,1,57
2,41.008487,1,45
2,41.008540,1,45
2,41.009182,1,45
2,41.009629,1,45
2,41.011910,1,45
2,41.032607,1,45
2,41.038822,1,45
2,41.039523,1,45
2,41.049271,1,45
2,41.056770,1,45
2,41.058877,1,45
2,41.058930,0,39
2,41.058979,1,150
2,41.059120,1,193
2,41.059224,0,57
2,41.067575,0,45
2,41.067806,0,193
2,41.068001,1,57
2,41.068196,1,45
2,41.068430,1,45
2,41.068964,1,45
2,41.070251,1,45
2,41.070690,1,45
2,41.074566,1,45
2,41.074614,1,45
2,41.081439,0,45
2,41.081542,0,154
2,41.084192,1,45
2,41.084245,1,166
2,41.088125,1,45
2,41.088178,0,39
2,41.088227,1,166
2,41.088420,0,39
2,42.713272,1,45
2,42.713367,0,39
2,42.713417,1,154
2,42.713559,0,39
2,42.725648,0,45
2,42.725808,0,154
2,42.725977,1,57
2,42.825753,1,55
2,42.825841,0,39
