website index,time,direction,packet size
youtube,0.00000,1,362
youtube,0.01950,0,474
youtube,0.03676,1,367
youtube,0.05659,0,474
yahoo,29.79501,1,362
yahoo,29.82569,0,474
yahoo,29.85048,1,367
yahoo,29.87211,0,474
facebook,59.88149,1,362
facebook,59.90255,0,474
facebook,59.91693,1,367
facebook,59.93876,0,474
reddit,90.08497,1,362
reddit,90.10966,0,474
reddit,90.13166,1,367
reddit,90.15071,0,474
netflix,119.91034,1,362
netflix,119.93729,0,474
netflix,119.96021,1,367
netflix,119.98124,0,474
ebay,149.89679,1,362
ebay,149.91718,0,474
ebay,149.93477,1,367
ebay,149.95151,0,474
instructure,179.81377,1,362
instructure,179.83025,0,474
instructure,179.85878,1,367
instructure,179.88650,0,474
instructure,190.15760,1,153
instructure,190.19312,0,214
twitch,209.86441,1,362
twitch,209.88458,0,474
twitch,209.91484,1,367
twitch,209.93310,0,474
live,239.87799,1,362
live,239.89928,0,474
live,239.91772,1,367
live,239.93909,0,474
stackoverflow,269.87783,1,362
stackoverflow,269.89434,0,474
stackoverflow,269.91783,1,367
stackoverflow,269.93766,0,474
linkedin,299.86437,1,362
linkedin,299.88641,0,474
linkedin,299.92204,1,367
linkedin,299.94061,0,474
irs,329.90033,1,362
irs,329.92396,0,474
irs,329.94137,1,367
irs,329.95469,0,474
imdb,359.88430,1,362
imdb,359.91228,0,474
imdb,359.93015,1,367
imdb,359.95186,0,474
nytimes,389.96125,1,362
nytimes,390.01615,0,474
nytimes,390.08814,1,367
nytimes,390.10720,0,474
nytimes,406.07539,1,376
nytimes,406.10329,0,495
nytimes,406.19527,1,381
nytimes,406.23592,0,109
cnn,419.93745,1,362
cnn,419.95725,0,474
cnn,419.98295,1,367
cnn,420.00269,0,474
cnn,422.60604,0,964
salesforce,449.88049,1,362
salesforce,449.92638,0,474
salesforce,449.95327,1,367
salesforce,450.02894,0,474
okta,479.88823,1,362
okta,479.90835,0,474
okta,479.94141,1,367
okta,479.96237,0,474
okta,481.45672,0,1035
okta,490.12676,1,153
okta,490.15357,0,214
wikipedia,509.99627,1,362
wikipedia,510.01746,0,474
wikipedia,510.04163,1,367
wikipedia,510.06389,0,474
imgur,539.90610,1,362
imgur,539.92202,0,474
imgur,539.94224,1,367
imgur,539.96210,0,474
imgur,541.57458,0,538
dropbox,569.89162,1,362
dropbox,569.91556,0,474
dropbox,569.93647,1,367
dropbox,569.95770,0,474
youtube,0.00000,1,362
youtube,0.06078,0,474
youtube,0.08877,1,367
youtube,0.11233,0,474
yahoo,30.01421,1,362
yahoo,30.04278,0,474
yahoo,30.06265,1,367
yahoo,30.08431,0,474
facebook,59.98382,1,362
facebook,60.00572,0,474
facebook,60.02471,1,367
facebook,60.04773,0,474
facebook,70.08062,1,153
facebook,70.11405,0,214
reddit,89.89160,1,362
reddit,89.91228,0,474
reddit,89.96779,1,367
reddit,90.02279,0,474
reddit,95.15104,0,537
netflix,120.03927,1,362
netflix,120.07238,0,474
netflix,120.09476,1,367
netflix,120.11907,0,474
ebay,149.94458,1,362
ebay,149.96503,0,474
ebay,150.05590,1,367
ebay,150.08440,0,474
instructure,179.89297,1,362
instructure,179.91200,0,474
instructure,179.93878,1,367
instructure,179.97886,0,474
twitch,209.97342,1,362
twitch,210.00240,0,474
twitch,210.02826,1,367
twitch,210.04597,0,474
live,240.03267,1,362
live,240.05599,0,474
live,240.07655,1,367
live,240.09870,0,474
stackoverflow,270.01146,1,362
stackoverflow,270.04060,0,474
stackoverflow,270.05645,1,367
stackoverflow,270.07689,0,474
linkedin,300.01505,1,362
linkedin,300.03747,0,474
linkedin,300.06231,1,367
linkedin,300.09245,0,474
irs,329.98830,1,362
irs,330.01094,0,474
irs,330.03439,1,367
irs,330.05268,0,474
irs,330.85729,0,636
imdb,360.04095,1,362
imdb,360.06354,0,474
imdb,360.08263,1,367
imdb,360.11762,0,474
imdb,370.06306,1,153
imdb,370.09414,0,214
nytimes,389.97039,1,362
nytimes,390.00639,0,474
nytimes,390.04453,1,367
nytimes,390.06592,0,474
cnn,420.04579,1,362
cnn,420.06698,0,474
cnn,420.09020,1,367
cnn,420.11294,0,474
cnn,422.28412,0,537
salesforce,450.05640,1,362
salesforce,450.08018,0,474
salesforce,450.10047,1,367
salesforce,450.11782,0,474
okta,479.99076,1,362
okta,480.06203,0,474
okta,480.07807,1,367
okta,480.10655,0,474
wikipedia,510.02475,1,362
wikipedia,510.04510,0,474
wikipedia,510.06942,1,367
wikipedia,510.09349,0,474
imgur,540.04949,1,362
imgur,540.07056,0,474
imgur,540.09242,1,367
imgur,540.10902,0,474
imgur,541.69238,0,538
dropbox,570.00106,1,362
dropbox,570.02517,0,474
dropbox,570.04064,1,367
dropbox,570.05751,0,474
youtube,0.00000,1,362
youtube,0.02279,0,474
youtube,0.04368,1,367
youtube,0.06578,0,474
yahoo,29.98949,1,362
yahoo,30.00592,0,474
yahoo,30.02606,1,367
yahoo,30.05367,0,474
facebook,59.94682,1,362
facebook,59.96369,0,474
facebook,60.00224,1,367
facebook,60.02537,0,474
reddit,89.95919,1,362
reddit,89.99685,0,474
reddit,90.02096,1,367
reddit,90.03879,0,474
netflix,119.95445,1,362
netflix,119.98523,0,474
netflix,120.00068,1,367
netflix,120.02163,0,474
ebay,150.02737,1,362
ebay,150.04251,0,474
ebay,150.06483,1,367
ebay,150.08500,0,474
ebay,152.31752,0,538
instructure,179.98192,1,362
instructure,180.00526,0,474
instructure,180.03381,1,367
instructure,180.05747,0,474
instructure,181.80113,0,537
twitch,210.06038,1,362
twitch,210.07989,0,474
twitch,210.11625,1,367
twitch,210.14865,0,474
live,239.99822,1,362
live,240.01722,0,474
live,240.04353,1,367
live,240.06701,0,474
live,249.94146,1,153
live,249.96920,0,214
stackoverflow,269.98203,1,362
stackoverflow,270.00452,0,474
stackoverflow,270.02374,1,367
stackoverflow,270.04546,0,474
linkedin,300.05591,1,362
linkedin,300.07677,0,474
linkedin,300.09106,1,367
linkedin,300.10998,0,474
irs,330.03923,1,362
irs,330.06038,0,474
irs,330.08388,1,367
irs,330.10663,0,474
imdb,359.98327,1,362
imdb,360.01765,0,474
imdb,360.03748,1,367
imdb,360.05964,0,474
nytimes,389.99529,1,362
nytimes,390.01683,0,474
nytimes,390.04319,1,367
nytimes,390.05977,0,474
cnn,420.42310,1,362
cnn,420.44627,0,474
cnn,420.46775,1,367
cnn,420.48814,0,474
cnn,428.33640,0,964
salesforce,450.02640,1,362
salesforce,450.04684,0,474
salesforce,450.06736,1,367
salesforce,450.08188,0,474
okta,480.01261,1,362
okta,480.03777,0,474
okta,480.05764,1,367
okta,480.07757,0,474
okta,481.71502,0,1035
wikipedia,509.99026,1,362
wikipedia,510.01927,0,474
wikipedia,510.04466,1,367
wikipedia,510.06025,0,474
imgur,540.00144,1,362
imgur,540.02697,0,474
imgur,540.04991,1,367
imgur,540.07348,0,474
imgur,549.95740,1,153
imgur,549.98813,0,214
dropbox,570.12530,1,362
dropbox,570.18659,0,474
dropbox,570.29193,1,367
dropbox,570.30750,0,474
youtube,0.00000,1,362
youtube,0.03025,0,474
youtube,0.04927,1,367
youtube,0.07401,0,474
yahoo,29.96774,1,362
yahoo,29.99013,0,474
yahoo,30.00756,1,367
yahoo,30.02650,0,474
facebook,59.96850,1,362
facebook,59.98391,0,474
facebook,60.01922,1,367
facebook,60.04138,0,474
reddit,89.95826,1,362
reddit,89.98571,0,474
reddit,90.01262,1,367
reddit,90.04214,0,474
netflix,120.06652,1,362
netflix,120.08833,0,474
netflix,120.10816,1,367
netflix,120.12781,0,474
netflix,129.82947,1,153
netflix,129.86131,0,214
ebay,149.97976,1,362
ebay,150.00193,0,474
ebay,150.01592,1,367
ebay,150.03161,0,474
instructure,179.99174,1,362
instructure,180.00844,0,474
instructure,180.02669,1,367
instructure,180.04773,0,474
twitch,209.97260,1,362
twitch,210.00025,0,474
twitch,210.02362,1,367
twitch,210.04474,0,474
live,240.01438,1,362
live,240.03441,0,474
live,240.06173,1,367
live,240.08453,0,474
stackoverflow,269.97438,1,362
stackoverflow,269.99811,0,474
stackoverflow,270.01983,1,367
stackoverflow,270.04499,0,474
linkedin,300.00543,1,362
linkedin,300.02771,0,474
linkedin,300.05381,1,367
linkedin,300.08036,0,474
irs,330.00632,1,362
irs,330.04210,0,474
irs,330.06169,1,367
irs,330.08019,0,474
imdb,360.02402,1,362
imdb,360.04512,0,474
imdb,360.06480,1,367
imdb,360.08446,0,474
nytimes,390.11822,1,362
nytimes,390.13498,0,474
nytimes,390.14813,1,367
nytimes,390.17520,0,474
cnn,420.10548,1,362
cnn,420.12653,0,474
cnn,420.16044,1,367
cnn,420.17637,0,474
cnn,429.84564,1,153
cnn,429.88753,0,214
salesforce,450.03382,1,362
salesforce,450.05414,0,474
salesforce,450.07335,1,367
salesforce,450.09629,0,474
okta,480.05527,1,362
okta,480.07632,0,474
okta,480.09121,1,367
okta,480.11222,0,474
wikipedia,510.08805,1,362
wikipedia,510.11039,0,474
wikipedia,510.13105,1,367
wikipedia,510.15066,0,474
imgur,540.05517,1,362
imgur,540.07506,0,474
imgur,540.09745,1,367
imgur,540.11959,0,474
dropbox,570.05873,1,362
dropbox,570.07577,0,474
dropbox,570.10104,1,367
dropbox,570.12331,0,474
youtube,0.00000,1,362
youtube,0.02920,0,474
youtube,0.04533,1,367
youtube,0.06693,0,474
youtube,9.72069,1,153
youtube,9.75136,0,214
yahoo,29.99832,1,362
yahoo,30.02153,0,474
yahoo,30.04117,1,367
yahoo,30.06748,0,474
yahoo,33.37770,0,965
facebook,59.95440,1,362
facebook,59.97458,0,474
facebook,59.99732,1,367
facebook,60.01675,0,474
reddit,89.94754,1,362
reddit,89.96989,0,474
reddit,89.98597,1,367
reddit,90.01270,0,474
netflix,119.99085,1,362
netflix,120.01296,0,474
netflix,120.03193,1,367
netflix,120.04852,0,474
ebay,150.02189,1,362
ebay,150.04444,0,474
ebay,150.06770,1,367
ebay,150.08547,0,474
instructure,179.98636,1,362
instructure,180.00985,0,474
instructure,180.02919,1,367
instructure,180.04772,0,474
twitch,210.02583,1,362
twitch,210.04516,0,474
twitch,210.06377,1,367
twitch,210.09056,0,474
live,240.00246,1,362
live,240.02239,0,474
live,240.04264,1,367
live,240.06276,0,474
stackoverflow,270.02330,1,362
stackoverflow,270.04066,0,474
stackoverflow,270.05536,1,367
stackoverflow,270.10008,0,474
linkedin,300.02787,1,362
linkedin,300.04865,0,474
linkedin,300.06328,1,367
linkedin,300.08734,0,474
linkedin,309.77557,1,153
linkedin,309.80942,0,214
irs,329.98008,1,362
irs,329.99660,0,474
irs,330.03631,1,367
irs,330.05889,0,474
imdb,360.04176,1,362
imdb,360.05881,0,474
imdb,360.08440,1,367
imdb,360.09976,0,474
imdb,363.96980,0,964
nytimes,390.11551,1,362
nytimes,390.13680,0,474
nytimes,390.15581,1,367
nytimes,390.17738,0,474
nytimes,391.47148,0,538
cnn,420.17593,1,362
cnn,420.19880,0,474
cnn,420.21818,1,367
cnn,420.24058,0,474
salesforce,450.03143,1,362
salesforce,450.05333,0,474
salesforce,450.07496,1,367
salesforce,450.09793,0,474
okta,480.05667,1,362
okta,480.10023,0,474
okta,480.11852,1,367
okta,480.13935,0,474
wikipedia,510.07158,1,362
wikipedia,510.09359,0,474
wikipedia,510.10962,1,367
wikipedia,510.12665,0,474
imgur,540.09461,1,362
imgur,540.11493,0,474
imgur,540.13416,1,367
imgur,540.16792,0,474
dropbox,570.13504,1,362
dropbox,570.16129,0,474
dropbox,570.17695,1,367
dropbox,570.19674,0,474
youtube,0.00000,1,362
youtube,0.01820,0,474
youtube,0.03496,1,367
youtube,0.05684,0,474
yahoo,30.05094,1,362
yahoo,30.07192,0,474
yahoo,30.10190,1,367
yahoo,30.12197,0,474
facebook,60.04758,1,362
facebook,60.07530,0,474
facebook,60.10157,1,367
facebook,60.12234,0,474
reddit,90.03454,1,362
reddit,90.05589,0,474
reddit,90.07523,1,367
reddit,90.09724,0,474
netflix,120.00200,1,362
netflix,120.02683,0,474
netflix,120.04644,1,367
netflix,120.07706,0,474
ebay,150.08826,1,362
ebay,150.11244,0,474
ebay,150.13984,1,367
ebay,150.16090,0,474
instructure,180.09017,1,362
instructure,180.11165,0,474
instructure,180.13570,1,367
instructure,180.15650,0,474
instructure,190.63984,1,153
instructure,190.66930,0,214
twitch,210.01132,1,362
twitch,210.03056,0,474
twitch,210.04836,1,367
twitch,210.06768,0,474
live,240.10388,1,362
live,240.12546,0,474
live,240.15161,1,367
live,240.17570,0,474
stackoverflow,270.01492,1,362
stackoverflow,270.03638,0,474
stackoverflow,270.05567,1,367
stackoverflow,270.07132,0,474
linkedin,300.07791,1,362
linkedin,300.10223,0,474
linkedin,300.11964,1,367
linkedin,300.14016,0,474
irs,330.12611,1,362
irs,330.14555,0,474
irs,330.17136,1,367
irs,330.19273,0,474
imdb,360.06127,1,362
imdb,360.08261,0,474
imdb,360.09786,1,367
imdb,360.11334,0,474
imdb,363.62183,0,537
nytimes,390.08875,1,362
nytimes,390.10860,0,474
nytimes,390.12912,1,367
nytimes,390.14701,0,474
cnn,420.13143,1,362
cnn,420.15419,0,474
cnn,420.17507,1,367
cnn,420.19592,0,474
salesforce,450.22087,1,362
salesforce,450.28491,0,474
salesforce,450.32259,1,367
salesforce,450.34321,0,474
okta,480.16978,1,362
okta,480.18633,0,474
okta,480.20499,1,367
okta,480.22054,0,474
okta,481.77532,0,1035
okta,490.62736,1,153
okta,490.65608,0,214
wikipedia,510.10767,1,362
wikipedia,510.13841,0,474
wikipedia,510.15964,1,367
wikipedia,510.22886,0,474
imgur,540.14574,1,362
imgur,540.16679,0,474
imgur,540.20161,1,367
imgur,540.21653,0,474
imgur,541.73524,0,538
dropbox,570.14703,1,362
dropbox,570.16689,0,474
dropbox,570.22362,1,367
dropbox,570.26790,0,474
youtube,0.00000,1,362
youtube,0.01947,0,474
youtube,0.05306,1,367
youtube,0.07527,0,474
yahoo,30.00675,1,362
yahoo,30.02610,0,474
yahoo,30.04952,1,367
yahoo,30.07838,0,474
facebook,60.01635,1,362
facebook,60.04150,0,474
facebook,60.16660,1,367
facebook,60.18801,0,474
facebook,70.49581,1,153
facebook,70.52752,0,214
reddit,90.07643,1,362
reddit,90.09653,0,474
reddit,90.11627,1,367
reddit,90.14294,0,474
netflix,120.02806,1,362
netflix,120.04894,0,474
netflix,120.07516,1,367
netflix,120.09951,0,474
ebay,150.02702,1,362
ebay,150.04770,0,474
ebay,150.06975,1,367
ebay,150.08876,0,474
instructure,180.07039,1,362
instructure,180.09027,0,474
instructure,180.13603,1,367
instructure,180.15270,0,474
twitch,210.03432,1,362
twitch,210.05795,0,474
twitch,210.07864,1,367
twitch,210.09924,0,474
live,240.07191,1,362
live,240.09482,0,474
live,240.11409,1,367
live,240.13564,0,474
stackoverflow,270.05671,1,362
stackoverflow,270.08056,0,474
stackoverflow,270.10112,1,367
stackoverflow,270.12726,0,474
linkedin,300.02892,1,362
linkedin,300.04406,0,474
linkedin,300.06256,1,367
linkedin,300.08446,0,474
irs,330.04484,1,362
irs,330.06435,0,474
irs,330.07436,1,367
irs,330.09527,0,474
imdb,360.07188,1,362
imdb,360.09298,0,474
imdb,360.11372,1,367
imdb,360.13512,0,474
imdb,370.48704,1,153
imdb,370.51642,0,214
nytimes,390.02870,1,362
nytimes,390.04872,0,474
nytimes,390.08227,1,367
nytimes,390.11126,0,474
nytimes,391.24925,0,538
cnn,420.08778,1,362
cnn,420.10294,0,474
cnn,420.12764,1,367
cnn,420.14986,0,474
salesforce,450.11415,1,362
salesforce,450.13477,0,474
salesforce,450.16779,1,367
salesforce,450.19334,0,474
okta,480.14692,1,362
okta,480.16842,0,474
okta,480.18787,1,367
okta,480.21108,0,474
wikipedia,510.11246,1,362
wikipedia,510.20391,0,474
wikipedia,510.33078,1,367
wikipedia,510.35176,0,474
imgur,540.13770,1,362
imgur,540.15917,0,474
imgur,540.18578,1,367
imgur,540.20555,0,474
dropbox,570.14065,1,362
dropbox,570.16141,0,474
dropbox,570.17968,1,367
dropbox,570.19796,0,474
youtube,0.00000,1,362
youtube,0.01705,0,474
youtube,0.03073,1,367
youtube,0.04589,0,474
yahoo,30.00261,1,362
yahoo,30.02009,0,474
yahoo,30.03716,1,367
yahoo,30.06358,0,474
facebook,59.98177,1,362
facebook,59.99798,0,474
facebook,60.02236,1,367
facebook,60.04130,0,474
reddit,89.96578,1,362
reddit,89.98641,0,474
reddit,90.01943,1,367
reddit,90.04230,0,474
reddit,95.16838,0,537
netflix,119.97162,1,362
netflix,119.99179,0,474
netflix,120.01223,1,367
netflix,120.02933,0,474
ebay,150.04510,1,362
ebay,150.06429,0,474
ebay,150.08460,1,367
ebay,150.10536,0,474
instructure,180.03865,1,362
instructure,180.05497,0,474
instructure,180.07115,1,367
instructure,180.09288,0,474
twitch,210.07414,1,362
twitch,210.09471,0,474
twitch,210.11168,1,367
twitch,210.13094,0,474
live,239.95083,1,362
live,239.97565,0,474
live,240.00061,1,367
live,240.02389,0,474
live,250.28238,1,153
live,250.30895,0,214
stackoverflow,270.00807,1,362
stackoverflow,270.02814,0,474
stackoverflow,270.04094,1,367
stackoverflow,270.05867,0,474
linkedin,300.01084,1,362
linkedin,300.04435,0,474
linkedin,300.06426,1,367
linkedin,300.09103,0,474
irs,330.12135,1,362
irs,330.15367,0,474
irs,330.24822,1,367
irs,330.26850,0,474
imdb,360.04485,1,362
imdb,360.06092,0,474
imdb,360.07941,1,367
imdb,360.09569,0,474
nytimes,390.01856,1,362
nytimes,390.04066,0,474
nytimes,390.05940,1,367
nytimes,390.08454,0,474
nytimes,392.15685,0,537
cnn,420.04614,1,362
cnn,420.06712,0,474
cnn,420.08623,1,367
cnn,420.11590,0,474
salesforce,450.00391,1,362
salesforce,450.02698,0,474
salesforce,450.04739,1,367
salesforce,450.06756,0,474
okta,480.04566,1,362
okta,480.06709,0,474
okta,480.08688,1,367
okta,480.10952,0,474
wikipedia,510.16091,1,362
wikipedia,510.18604,0,474
wikipedia,510.20996,1,367
wikipedia,510.22714,0,474
imgur,540.15585,1,362
imgur,540.18310,0,474
imgur,540.20326,1,367
imgur,540.22446,0,474
imgur,544.50462,0,537
imgur,550.31404,1,153
imgur,550.35157,0,214
dropbox,570.14280,1,362
dropbox,570.16355,0,474
dropbox,570.18433,1,367
dropbox,570.20575,0,474
youtube,0.00000,1,362
youtube,0.02142,0,474
youtube,0.04629,1,367
youtube,0.06719,0,474
yahoo,30.01513,1,362
yahoo,30.03527,0,474
yahoo,30.05294,1,367
yahoo,30.07289,0,474
facebook,60.50979,1,362
facebook,60.53220,0,474
facebook,60.55300,1,367
facebook,60.57507,0,474
reddit,90.01185,1,362
reddit,90.02815,0,474
reddit,90.04143,1,367
reddit,90.06159,0,474
netflix,119.98745,1,362
netflix,120.01513,0,474
netflix,120.03413,1,367
netflix,120.05312,0,474
netflix,130.13889,1,153
netflix,130.17078,0,214
ebay,149.96803,1,362
ebay,149.98562,0,474
ebay,150.00412,1,367
ebay,150.02666,0,474
instructure,179.93947,1,362
instructure,179.95757,0,474
instructure,179.98708,1,367
instructure,180.01138,0,474
twitch,209.98903,1,362
twitch,210.00937,0,474
twitch,210.03813,1,367
twitch,210.05992,0,474
live,240.14737,1,362
live,240.17116,0,474
live,240.18775,1,367
live,240.20759,0,474
stackoverflow,269.95466,1,362
stackoverflow,269.97817,0,474
stackoverflow,270.00063,1,367
stackoverflow,270.01825,0,474
linkedin,299.97894,1,362
linkedin,300.00095,0,474
linkedin,300.03953,1,367
linkedin,300.05581,0,474
irs,330.00539,1,362
irs,330.03375,0,474
irs,330.05735,1,367
irs,330.07650,0,474
imdb,360.02233,1,362
imdb,360.05377,0,474
imdb,360.08089,1,367
imdb,360.09928,0,474
nytimes,390.02243,1,362
nytimes,390.04234,0,474
nytimes,390.06178,1,367
nytimes,390.08088,0,474
nytimes,391.30150,0,538
cnn,420.01194,1,362
cnn,420.03389,0,474
cnn,420.05311,1,367
cnn,420.07374,0,474
cnn,422.41848,0,537
cnn,430.12140,1,153
cnn,430.14969,0,214
salesforce,450.03606,1,362
salesforce,450.05606,0,474
salesforce,450.07276,1,367
salesforce,450.09257,0,474
okta,480.05376,1,362
okta,480.07206,0,474
okta,480.12608,1,367
okta,480.14223,0,474
wikipedia,510.13042,1,362
wikipedia,510.15129,0,474
wikipedia,510.16850,1,367
wikipedia,510.18929,0,474
imgur,540.06013,1,362
imgur,540.08014,0,474
imgur,540.09840,1,367
imgur,540.11419,0,474
dropbox,570.02292,1,362
dropbox,570.04326,0,474
dropbox,570.08434,1,367
dropbox,570.10094,0,474
youtube,0.00000,1,362
youtube,0.02540,0,474
youtube,0.07733,1,367
youtube,0.09786,0,474
youtube,10.08952,1,153
youtube,10.11930,0,214
yahoo,29.99597,1,362
yahoo,30.01716,0,474
yahoo,30.03600,1,367
yahoo,30.05669,0,474
yahoo,32.61731,0,537
facebook,60.01327,1,362
facebook,60.03114,0,474
facebook,60.05085,1,367
facebook,60.07623,0,474
reddit,90.05884,1,362
reddit,90.07960,0,474
reddit,90.09981,1,367
reddit,90.14232,0,474
netflix,119.99667,1,362
netflix,120.01874,0,474
netflix,120.04992,1,367
netflix,120.07344,0,474
ebay,150.08238,1,362
ebay,150.10267,0,474
ebay,150.12153,1,367
ebay,150.15106,0,474
instructure,180.07500,1,362
instructure,180.09567,0,474
instructure,180.11432,1,367
instructure,180.13636,0,474
instructure,180.81390,0,537
instructure,181.53279,0,1035
twitch,210.05233,1,362
twitch,210.07932,0,474
twitch,210.09937,1,367
twitch,210.11909,0,474
live,240.07074,1,362
live,240.09703,0,474
live,240.13163,1,367
live,240.17764,0,474
stackoverflow,270.03627,1,362
stackoverflow,270.06053,0,474
stackoverflow,270.08189,1,367
stackoverflow,270.10101,0,474
linkedin,300.02400,1,362
linkedin,300.04429,0,474
linkedin,300.07234,1,367
linkedin,300.09163,0,474
linkedin,310.05827,1,153
linkedin,310.08890,0,214
irs,330.05908,1,362
irs,330.08783,0,474
irs,330.11305,1,367
irs,330.12866,0,474
imdb,360.04908,1,362
imdb,360.07137,0,474
imdb,360.09236,1,367
imdb,360.10851,0,474
nytimes,390.10701,1,362
nytimes,390.12750,0,474
nytimes,390.15388,1,367
nytimes,390.17915,0,474
cnn,420.07196,1,362
cnn,420.08947,0,474
cnn,420.10852,1,367
cnn,420.12931,0,474
salesforce,450.07650,1,362
salesforce,450.09313,0,474
salesforce,450.12715,1,367
salesforce,450.14625,0,474
okta,480.10381,1,362
okta,480.12609,0,474
okta,480.14505,1,367
okta,480.17012,0,474
wikipedia,510.10612,1,362
wikipedia,510.12939,0,474
wikipedia,510.15510,1,367
wikipedia,510.17507,0,474
imgur,540.11791,1,362
imgur,540.15526,0,474
imgur,540.17854,1,367
imgur,540.20197,0,474
imgur,544.27564,0,965
imgur,544.37111,0,537
imgur,544.71525,0,965
dropbox,570.14813,1,362
dropbox,570.16831,0,474
dropbox,570.19449,1,367
dropbox,570.21594,0,474
youtube,0.00000,1,362
youtube,0.02718,0,474
youtube,0.04649,1,367
youtube,0.06484,0,474
yahoo,30.05646,1,362
yahoo,30.07757,0,474
yahoo,30.09701,1,367
yahoo,30.11590,0,474
facebook,60.04409,1,362
facebook,60.06716,0,474
facebook,60.12939,1,367
facebook,60.16685,0,474
reddit,90.02751,1,362
reddit,90.04911,0,474
reddit,90.06873,1,367
reddit,90.08865,0,474
netflix,120.04109,1,362
netflix,120.06455,0,474
netflix,120.13677,1,367
netflix,120.15845,0,474
ebay,150.00058,1,362
ebay,150.02036,0,474
ebay,150.05308,1,367
ebay,150.07737,0,474
instructure,180.03596,1,362
instructure,180.05826,0,474
instructure,180.07863,1,367
instructure,180.09997,0,474
instructure,189.93817,1,153
instructure,189.96687,0,214
twitch,210.07248,1,362
twitch,210.08889,0,474
twitch,210.10646,1,367
twitch,210.12688,0,474
live,240.02891,1,362
live,240.05759,0,474
live,240.08265,1,367
live,240.10457,0,474
stackoverflow,270.06720,1,362
stackoverflow,270.08738,0,474
stackoverflow,270.11813,1,367
stackoverflow,270.14054,0,474
linkedin,300.07591,1,362
linkedin,300.09874,0,474
linkedin,300.11894,1,367
linkedin,300.13919,0,474
irs,330.14795,1,362
irs,330.16943,0,474
irs,330.19344,1,367
irs,330.21471,0,474
imdb,360.00977,1,362
imdb,360.03134,0,474
imdb,360.06432,1,367
imdb,360.08472,0,474
nytimes,390.08173,1,362
nytimes,390.10085,0,474
nytimes,390.11655,1,367
nytimes,390.13842,0,474
cnn,420.11180,1,362
cnn,420.13281,0,474
cnn,420.15265,1,367
cnn,420.17021,0,474
cnn,422.82908,0,964
salesforce,450.07163,1,362
salesforce,450.08815,0,474
salesforce,450.12943,1,367
salesforce,450.14705,0,474
okta,480.11223,1,362
okta,480.14446,0,474
okta,480.16778,1,367
okta,480.18458,0,474
okta,489.95752,1,153
okta,489.98937,0,214
wikipedia,510.15088,1,362
wikipedia,510.16850,0,474
wikipedia,510.19110,1,367
wikipedia,510.21420,0,474
imgur,540.10695,1,362
imgur,540.12753,0,474
imgur,540.15442,1,367
imgur,540.17468,0,474
dropbox,570.17000,1,362
dropbox,570.19909,0,474
dropbox,570.23563,1,367
dropbox,570.25159,0,474
youtube,0.00000,1,362
youtube,0.02060,0,474
youtube,0.03925,1,367
youtube,0.05479,0,474
yahoo,29.99914,1,362
yahoo,30.02296,0,474
yahoo,30.04378,1,367
yahoo,30.07229,0,474
yahoo,33.28764,0,965
facebook,59.96894,1,362
facebook,59.99080,0,474
facebook,60.01486,1,367
facebook,60.03545,0,474
facebook,72.78842,1,153
facebook,72.82427,0,214
reddit,89.91884,1,362
reddit,89.93535,0,474
reddit,89.97063,1,367
reddit,89.99188,0,474
netflix,119.97356,1,362
netflix,119.99429,0,474
netflix,120.02449,1,367
netflix,120.04626,0,474
ebay,149.96975,1,362
ebay,149.99150,0,474
ebay,150.01746,1,367
ebay,150.04982,0,474
ebay,150.71898,0,537
instructure,179.99450,1,362
instructure,180.01864,0,474
instructure,180.04089,1,367
instructure,180.06197,0,474
twitch,209.97028,1,362
twitch,209.99383,0,474
twitch,210.02835,1,367
twitch,210.04815,0,474
live,240.03350,1,362
live,240.06406,0,474
live,240.08902,1,367
live,240.10579,0,474
stackoverflow,270.00937,1,362
stackoverflow,270.02940,0,474
stackoverflow,270.06105,1,367
stackoverflow,270.07979,0,474
linkedin,300.05735,1,362
linkedin,300.09202,0,474
linkedin,300.11064,1,367
linkedin,300.12643,0,474
irs,330.02931,1,362
irs,330.05005,0,474
irs,330.07580,1,367
irs,330.09547,0,474
imdb,360.03979,1,362
imdb,360.15897,0,474
imdb,360.23568,1,367
imdb,360.25850,0,474
imdb,362.55606,0,538
imdb,363.20527,0,538
imdb,369.78489,1,153
imdb,369.86670,0,214
nytimes,390.11041,1,362
nytimes,390.13178,0,474
nytimes,390.15019,1,367
nytimes,390.16975,0,474
cnn,420.04039,1,362
cnn,420.06161,0,474
cnn,420.16501,1,367
cnn,420.20701,0,474
cnn,422.35147,0,537
salesforce,450.26168,1,362
salesforce,450.32272,0,474
salesforce,450.38827,1,367
salesforce,450.40938,0,474
okta,480.07981,1,362
okta,480.10429,0,474
okta,480.12563,1,367
okta,480.14513,0,474
wikipedia,510.13855,1,362
wikipedia,510.16246,0,474
wikipedia,510.18084,1,367
wikipedia,510.20318,0,474
imgur,540.04625,1,362
imgur,540.06702,0,474
imgur,540.08469,1,367
imgur,540.10055,0,474
dropbox,570.08093,1,362
dropbox,570.09810,0,474
dropbox,570.11900,1,367
dropbox,570.14058,0,474
youtube,0.00000,1,362
youtube,0.02324,0,474
youtube,0.04872,1,367
youtube,0.07195,0,474
yahoo,29.91090,1,362
yahoo,29.93294,0,474
yahoo,29.95988,1,367
yahoo,29.98220,0,474
facebook,60.09734,1,362
facebook,60.11860,0,474
facebook,60.13702,1,367
facebook,60.15682,0,474
reddit,90.00610,1,362
reddit,90.02888,0,474
reddit,90.04908,1,367
reddit,90.07547,0,474
netflix,120.05450,1,362
netflix,120.08397,0,474
netflix,120.11103,1,367
netflix,120.13542,0,474
ebay,150.04618,1,362
ebay,150.06541,0,474
ebay,150.08255,1,367
ebay,150.10231,0,474
instructure,179.99143,1,362
instructure,180.01307,0,474
instructure,180.04630,1,367
instructure,180.06612,0,474
twitch,209.96925,1,362
twitch,209.99852,0,474
twitch,210.01713,1,367
twitch,210.03790,0,474
live,240.03409,1,362
live,240.05386,0,474
live,240.07677,1,367
live,240.09085,0,474
live,250.65367,1,153
live,250.68555,0,214
stackoverflow,270.05623,1,362
stackoverflow,270.07782,0,474
stackoverflow,270.10716,1,367
stackoverflow,270.12723,0,474
linkedin,300.20341,1,362
linkedin,300.22444,0,474
linkedin,300.25024,1,367
linkedin,300.27308,0,474
irs,329.98867,1,362
irs,330.01247,0,474
irs,330.02578,1,367
irs,330.04604,0,474
imdb,360.00950,1,362
imdb,360.03005,0,474
imdb,360.07277,1,367
imdb,360.10868,0,474
imdb,363.37548,0,964
imdb,363.81933,0,538
nytimes,390.07429,1,362
nytimes,390.10032,0,474
nytimes,390.11869,1,367
nytimes,390.13675,0,474
cnn,420.05625,1,362
cnn,420.07719,0,474
cnn,420.10213,1,367
cnn,420.12492,0,474
cnn,422.56734,0,635
salesforce,450.00260,1,362
salesforce,450.02481,0,474
salesforce,450.05622,1,367
salesforce,450.07730,0,474
okta,480.08929,1,362
okta,480.11056,0,474
okta,480.13878,1,367
okta,480.15926,0,474
wikipedia,510.09743,1,362
wikipedia,510.13045,0,474
wikipedia,510.14960,1,367
wikipedia,510.17073,0,474
imgur,540.05701,1,362
imgur,540.07987,0,474
imgur,540.10300,1,367
imgur,540.12008,0,474
imgur,550.63757,1,153
imgur,550.66773,0,214
dropbox,570.13077,1,362
dropbox,570.14925,0,474
dropbox,570.16579,1,367
dropbox,570.18216,0,474
youtube,0.00000,1,362
youtube,0.02224,0,474
youtube,0.04214,1,367
youtube,0.07117,0,474
yahoo,29.93612,1,362
yahoo,29.96199,0,474
yahoo,29.98314,1,367
yahoo,30.00296,0,474
facebook,59.88343,1,362
facebook,59.90410,0,474
facebook,59.93218,1,367
facebook,59.95269,0,474
reddit,89.91276,1,362
reddit,89.93357,0,474
reddit,89.95296,1,367
reddit,89.97641,0,474
netflix,119.99184,1,362
netflix,120.02203,0,474
netflix,120.04296,1,367
netflix,120.05978,0,474
netflix,130.47131,1,153
netflix,130.50006,0,214
ebay,149.97861,1,362
ebay,149.99859,0,474
ebay,150.01781,1,367
ebay,150.03418,0,474
instructure,179.92708,1,362
instructure,179.94715,0,474
instructure,179.97928,1,367
instructure,179.99956,0,474
twitch,210.13542,1,362
twitch,210.15607,0,474
twitch,210.17888,1,367
twitch,210.20233,0,474
live,239.97685,1,362
live,239.99833,0,474
live,240.01292,1,367
live,240.02671,0,474
stackoverflow,269.92871,1,362
stackoverflow,269.94838,0,474
stackoverflow,269.97026,1,367
stackoverflow,269.98975,0,474
linkedin,300.01362,1,362
linkedin,300.03411,0,474
linkedin,300.04981,1,367
linkedin,300.07687,0,474
irs,330.00212,1,362
irs,330.02274,0,474
irs,330.05137,1,367
irs,330.07392,0,474
imdb,360.09639,1,362
imdb,360.11704,0,474
imdb,360.14619,1,367
imdb,360.16289,0,474
nytimes,390.22994,1,362
nytimes,390.25055,0,474
nytimes,390.26823,1,367
nytimes,390.28729,0,474
nytimes,393.29673,0,537
cnn,420.00506,1,362
cnn,420.02404,0,474
cnn,420.04227,1,367
cnn,420.06136,0,474
cnn,422.27567,0,537
cnn,430.46433,1,153
cnn,430.49353,0,214
salesforce,450.00794,1,362
salesforce,450.02305,0,474
salesforce,450.04239,1,367
salesforce,450.06331,0,474
okta,480.00805,1,362
okta,480.02808,0,474
okta,480.05818,1,367
okta,480.07890,0,474
wikipedia,510.22642,1,362
wikipedia,510.24731,0,474
wikipedia,510.26617,1,367
wikipedia,510.28306,0,474
imgur,540.03864,1,362
imgur,540.05631,0,474
imgur,540.07643,1,367
imgur,540.09960,0,474
imgur,542.13085,0,538
dropbox,570.05724,1,362
dropbox,570.07545,0,474
dropbox,570.10893,1,367
dropbox,570.12931,0,474
youtube,0.00000,1,362
youtube,0.02040,0,474
youtube,0.05395,1,367
youtube,0.06846,0,474
youtube,10.41132,1,153
youtube,10.44023,0,214
yahoo,30.02278,1,362
yahoo,30.04328,0,474
yahoo,30.07031,1,367
yahoo,30.08905,0,474
facebook,60.04529,1,362
facebook,60.06524,0,474
facebook,60.10400,1,367
facebook,60.12542,0,474
reddit,90.02502,1,362
reddit,90.04676,0,474
reddit,90.06971,1,367
reddit,90.09341,0,474
netflix,120.15480,1,362
netflix,120.17883,0,474
netflix,120.20349,1,367
netflix,120.22400,0,474
ebay,150.02777,1,362
ebay,150.04806,0,474
ebay,150.06267,1,367
ebay,150.07855,0,474
ebay,152.17706,0,537
instructure,180.02892,1,362
instructure,180.06877,0,474
instructure,180.09648,1,367
instructure,180.11442,0,474
twitch,210.02731,1,362
twitch,210.05032,0,474
twitch,210.09010,1,367
twitch,210.10933,0,474
live,240.00152,1,362
live,240.02124,0,474
live,240.06946,1,367
live,240.09374,0,474
stackoverflow,270.09797,1,362
stackoverflow,270.11982,0,474
stackoverflow,270.13532,1,367
stackoverflow,270.16487,0,474
linkedin,300.09447,1,362
linkedin,300.11616,0,474
linkedin,300.14144,1,367
linkedin,300.16117,0,474
linkedin,310.39587,1,153
linkedin,310.42470,0,214
irs,330.14220,1,362
irs,330.16192,0,474
irs,330.18061,1,367
irs,330.20529,0,474
imdb,360.13101,1,362
imdb,360.15010,0,474
imdb,360.17612,1,367
imdb,360.19560,0,474
nytimes,390.30039,1,362
nytimes,390.33123,0,474
nytimes,390.34928,1,367
nytimes,390.36509,0,474
nytimes,391.66964,0,538
cnn,420.10432,1,362
cnn,420.12392,0,474
cnn,420.15353,1,367
cnn,420.16894,0,474
salesforce,450.14229,1,362
salesforce,450.16644,0,474
salesforce,450.18511,1,367
salesforce,450.21196,0,474
okta,480.11296,1,362
okta,480.14086,0,474
okta,480.17070,1,367
okta,480.19285,0,474
wikipedia,510.18358,1,362
wikipedia,510.21159,0,474
wikipedia,510.23550,1,367
wikipedia,510.25428,0,474
imgur,540.12080,1,362
imgur,540.14022,0,474
imgur,540.16879,1,367
imgur,540.18885,0,474
dropbox,570.16303,1,362
dropbox,570.18559,0,474
dropbox,570.20641,1,367
dropbox,570.22484,0,474
youtube,0.00000,1,362
youtube,0.02052,0,474
youtube,0.04911,1,367
youtube,0.06878,0,474
yahoo,30.07632,1,362
yahoo,30.09636,0,474
yahoo,30.12092,1,367
yahoo,30.14170,0,474
yahoo,33.47501,0,965
facebook,60.02340,1,362
facebook,60.04901,0,474
facebook,60.07611,1,367
facebook,60.10216,0,474
reddit,90.03612,1,362
reddit,90.05712,0,474
reddit,90.07830,1,367
reddit,90.10133,0,474
netflix,119.97321,1,362
netflix,120.00328,0,474
netflix,120.02390,1,367
netflix,120.04456,0,474
ebay,150.00937,1,362
ebay,150.03057,0,474
ebay,150.05948,1,367
ebay,150.07945,0,474
ebay,150.83374,0,537
instructure,180.07934,1,362
instructure,180.10199,0,474
instructure,180.11998,1,367
instructure,180.14072,0,474
instructure,180.81463,0,537
instructure,181.50705,0,538
instructure,190.24971,1,153
instructure,190.27903,0,214
twitch,210.02487,1,362
twitch,210.04502,0,474
twitch,210.05881,1,367
twitch,210.07947,0,474
live,239.97959,1,362
live,240.00673,0,474
live,240.02739,1,367
live,240.05392,0,474
stackoverflow,270.04383,1,362
stackoverflow,270.06631,0,474
stackoverflow,270.08633,1,367
stackoverflow,270.11411,0,474
linkedin,300.07247,1,362
linkedin,300.09378,0,474
linkedin,300.11639,1,367
linkedin,300.13870,0,474
irs,330.01529,1,362
irs,330.03573,0,474
irs,330.05415,1,367
irs,330.07416,0,474
imdb,360.06270,1,362
imdb,360.09940,0,474
imdb,360.12306,1,367
imdb,360.14363,0,474
nytimes,390.13431,1,362
nytimes,390.16010,0,474
nytimes,390.18486,1,367
nytimes,390.20500,0,474
cnn,420.13376,1,362
cnn,420.15482,0,474
cnn,420.18096,1,367
cnn,420.20137,0,474
cnn,422.78357,0,634
cnn,423.05177,0,964
salesforce,450.13011,1,362
salesforce,450.15053,0,474
salesforce,450.16607,1,367
salesforce,450.18675,0,474
okta,480.05251,1,362
okta,480.08337,0,474
okta,480.10340,1,367
okta,480.12727,0,474
okta,490.23591,1,153
okta,490.26711,0,214
wikipedia,510.04968,1,362
wikipedia,510.07144,0,474
wikipedia,510.09772,1,367
wikipedia,510.12011,0,474
imgur,540.09672,1,362
imgur,540.11821,0,474
imgur,540.15598,1,367
imgur,540.17310,0,474
dropbox,570.15900,1,362
dropbox,570.17936,0,474
dropbox,570.19663,1,367
dropbox,570.21547,0,474
youtube,0.00000,1,362
youtube,0.02006,0,474
youtube,0.03902,1,367
youtube,0.05872,0,474
yahoo,29.92718,1,362
yahoo,29.94756,0,474
yahoo,29.96816,1,367
yahoo,29.99658,0,474
yahoo,33.23727,0,965
facebook,59.97031,1,362
facebook,59.98924,0,474
facebook,60.02958,1,367
facebook,60.04923,0,474
facebook,70.04507,1,153
facebook,70.07382,0,214
reddit,89.96399,1,362
reddit,89.98489,0,474
reddit,90.00465,1,367
reddit,90.04058,0,474
netflix,119.94527,1,362
netflix,119.97613,0,474
netflix,119.99519,1,367
netflix,120.01686,0,474
ebay,149.88871,1,362
ebay,149.90822,0,474
ebay,149.94159,1,367
ebay,149.96214,0,474
instructure,179.88753,1,362
instructure,179.92743,0,474
instructure,179.94702,1,367
instructure,179.96743,0,474
twitch,209.92364,1,362
twitch,209.94509,0,474
twitch,209.96428,1,367
twitch,209.98444,0,474
live,239.95528,1,362
live,239.98251,0,474
live,240.01461,1,367
live,240.02961,0,474
stackoverflow,269.98008,1,362
stackoverflow,269.99692,0,474
stackoverflow,270.01212,1,367
stackoverflow,270.03187,0,474
linkedin,300.05431,1,362
linkedin,300.07471,0,474
linkedin,300.08709,1,367
linkedin,300.10402,0,474
irs,329.96080,1,362
irs,329.98340,0,474
irs,330.02180,1,367
irs,330.04232,0,474
imdb,360.01456,1,362
imdb,360.03584,0,474
imdb,360.05815,1,367
imdb,360.08029,0,474
imdb,370.01601,1,153
imdb,370.04473,0,214
nytimes,389.99888,1,362
nytimes,390.01736,0,474
nytimes,390.03628,1,367
nytimes,390.06043,0,474
nytimes,391.19254,0,537
cnn,420.51344,1,362
cnn,420.55798,0,474
cnn,420.59951,1,367
cnn,420.62046,0,474
salesforce,449.94876,1,362
salesforce,449.96676,0,474
salesforce,450.00373,1,367
salesforce,450.03411,0,474
okta,479.98650,1,362
okta,480.00662,0,474
okta,480.02508,1,367
okta,480.04073,0,474
okta,481.68639,0,1035
wikipedia,509.99932,1,362
wikipedia,510.01938,0,474
wikipedia,510.05282,1,367
wikipedia,510.06780,0,474
imgur,540.01520,1,362
imgur,540.04174,0,474
imgur,540.06687,1,367
imgur,540.08475,0,474
dropbox,570.06126,1,362
dropbox,570.09065,0,474
dropbox,570.10972,1,367
dropbox,570.13132,0,474
youtube,0.00000,1,362
youtube,0.02573,0,474
youtube,0.03960,1,367
youtube,0.05975,0,474
yahoo,29.96195,1,362
yahoo,29.97889,0,474
yahoo,30.01099,1,367
yahoo,30.02570,0,474
facebook,59.99123,1,362
facebook,60.01508,0,474
facebook,60.04129,1,367
facebook,60.06179,0,474
reddit,89.95804,1,362
reddit,89.98484,0,474
reddit,90.00911,1,367
reddit,90.02980,0,474
netflix,119.97302,1,362
netflix,119.99449,0,474
netflix,120.01310,1,367
netflix,120.04611,0,474
ebay,150.12123,1,362
ebay,150.14187,0,474
ebay,150.16054,1,367
ebay,150.17894,0,474
instructure,180.01608,1,362
instructure,180.03513,0,474
instructure,180.05312,1,367
instructure,180.07583,0,474
twitch,210.04656,1,362
twitch,210.06855,0,474
twitch,210.08224,1,367
twitch,210.10442,0,474
live,240.00530,1,362
live,240.02204,0,474
live,240.03948,1,367
live,240.05399,0,474
live,249.96667,1,153
live,249.99649,0,214
stackoverflow,270.05649,1,362
stackoverflow,270.08024,0,474
stackoverflow,270.11188,1,367
stackoverflow,270.15228,0,474
linkedin,300.10029,1,362
linkedin,300.12788,0,474
linkedin,300.14903,1,367
linkedin,300.17459,0,474
irs,330.04240,1,362
irs,330.06201,0,474
irs,330.08203,1,367
irs,330.10219,0,474
imdb,360.08047,1,362
imdb,360.10825,0,474
imdb,360.12935,1,367
imdb,360.14606,0,474
imdb,363.59381,0,964
imdb,363.96236,0,537
imdb,364.00808,0,538
nytimes,390.05858,1,362
nytimes,390.07992,0,474
nytimes,390.10151,1,367
nytimes,390.12223,0,474
cnn,420.09872,1,362
cnn,420.17582,0,474
cnn,420.19914,1,367
cnn,420.22017,0,474
salesforce,450.07660,1,362
salesforce,450.09685,0,474
salesforce,450.11559,1,367
salesforce,450.13642,0,474
okta,480.14700,1,362
okta,480.16729,0,474
okta,480.20131,1,367
okta,480.22308,0,474
wikipedia,510.07566,1,362
wikipedia,510.09668,0,474
wikipedia,510.11130,1,367
wikipedia,510.13272,0,474
imgur,540.09563,1,362
imgur,540.11586,0,474
imgur,540.12928,1,367
imgur,540.14905,0,474
imgur,541.67544,0,538
imgur,550.06005,1,153
imgur,550.09909,0,214
dropbox,570.12963,1,362
dropbox,570.14909,0,474
dropbox,570.17713,1,367
dropbox,570.20043,0,474
youtube,0.00000,1,362
youtube,0.01622,0,474
youtube,0.05844,1,367
youtube,0.07315,0,474
yahoo,30.00466,1,362
yahoo,30.03839,0,474
yahoo,30.08125,1,367
yahoo,30.19610,0,474
facebook,60.02866,1,362
facebook,60.05045,0,474
facebook,60.06404,1,367
facebook,60.08729,0,474
reddit,90.16480,1,362
reddit,90.19235,0,474
reddit,90.26388,1,367
reddit,90.32796,0,474
netflix,120.13207,1,362
netflix,120.15335,0,474
netflix,120.17111,1,367
netflix,120.19192,0,474
netflix,129.89237,1,153
netflix,129.92188,0,214
ebay,150.11000,1,362
ebay,150.13064,0,474
ebay,150.18031,1,367
ebay,150.19760,0,474
instructure,180.03137,1,362
instructure,180.04668,0,474
instructure,180.08519,1,367
instructure,180.11335,0,474
instructure,181.55590,0,1035
twitch,210.11230,1,362
twitch,210.14063,0,474
twitch,210.15972,1,367
twitch,210.18262,0,474
live,240.07106,1,362
live,240.09066,0,474
live,240.12126,1,367
live,240.13667,0,474
stackoverflow,270.11492,1,362
stackoverflow,270.13570,0,474
stackoverflow,270.16718,1,367
stackoverflow,270.18468,0,474
linkedin,300.13333,1,362
linkedin,300.15404,0,474
linkedin,300.18190,1,367
linkedin,300.20098,0,474
irs,330.08724,1,362
irs,330.10937,0,474
irs,330.12867,1,367
irs,330.15362,0,474
imdb,360.11123,1,362
imdb,360.13124,0,474
imdb,360.16380,1,367
imdb,360.18758,0,474
nytimes,390.08827,1,362
nytimes,390.11494,0,474
nytimes,390.13158,1,367
nytimes,390.15971,0,474
cnn,420.13482,1,362
cnn,420.15179,0,474
cnn,420.16972,1,367
cnn,420.18757,0,474
cnn,429.90820,1,153
cnn,429.99290,0,214
salesforce,450.24487,1,362
salesforce,450.26680,0,474
salesforce,450.28352,1,367
salesforce,450.30367,0,474
okta,480.21486,1,362
okta,480.24407,0,474
okta,480.26761,1,367
okta,480.28257,0,474
wikipedia,510.10685,1,362
wikipedia,510.12920,0,474
wikipedia,510.16473,1,367
wikipedia,510.19187,0,474
imgur,540.12371,1,362
imgur,540.14511,0,474
imgur,540.16963,1,367
imgur,540.19422,0,474
dropbox,570.18871,1,362
dropbox,570.20985,0,474
dropbox,570.23297,1,367
dropbox,570.25043,0,474
youtube,0.00000,1,362
youtube,0.02191,0,474
youtube,0.04968,1,367
youtube,0.08344,0,474
youtube,9.62875,1,153
youtube,9.66132,0,214
yahoo,29.93983,1,362
yahoo,29.95917,0,474
yahoo,29.97372,1,367
yahoo,29.99348,0,474
facebook,59.91728,1,362
facebook,59.93734,0,474
facebook,59.95543,1,367
facebook,59.97333,0,474
reddit,89.98359,1,362
reddit,90.00311,0,474
reddit,90.03074,1,367
reddit,90.05114,0,474
netflix,119.97567,1,362
netflix,119.99791,0,474
netflix,120.01656,1,367
netflix,120.03739,0,474
ebay,149.99309,1,362
ebay,150.00945,0,474
ebay,150.03800,1,367
ebay,150.06068,0,474
instructure,179.90194,1,362
instructure,179.92107,0,474
instructure,179.94185,1,367
instructure,179.96153,0,474
twitch,209.98092,1,362
twitch,210.00142,0,474
twitch,210.02103,1,367
twitch,210.04384,0,474
live,239.98098,1,362
live,239.99751,0,474
live,240.02045,1,367
live,240.03688,0,474
stackoverflow,269.95353,1,362
stackoverflow,269.97584,0,474
stackoverflow,269.99724,1,367
stackoverflow,270.01837,0,474
linkedin,300.05620,1,362
linkedin,300.07294,0,474
linkedin,300.10860,1,367
linkedin,300.12997,0,474
irs,329.98162,1,362
irs,330.00201,0,474
irs,330.01704,1,367
irs,330.03958,0,474
imdb,360.05911,1,362
imdb,360.09866,0,474
imdb,360.12487,1,367
imdb,360.14602,0,474
imdb,363.66544,0,537
nytimes,389.98389,1,362
nytimes,390.00106,0,474
nytimes,390.02073,1,367
nytimes,390.03833,0,474
nytimes,391.22615,0,538
cnn,419.98134,1,362
cnn,419.99732,0,474
cnn,420.01522,1,367
cnn,420.03417,0,474
salesforce,449.94783,1,362
salesforce,449.96971,0,474
salesforce,450.00237,1,367
salesforce,450.02379,0,474
okta,480.01452,1,362
okta,480.03157,0,474
okta,480.07142,1,367
okta,480.08749,0,474
wikipedia,510.05376,1,362
wikipedia,510.07463,0,474
wikipedia,510.09726,1,367
wikipedia,510.12180,0,474
imgur,540.06257,1,362
imgur,540.08689,0,474
imgur,540.10747,1,367
imgur,540.12873,0,474
dropbox,570.08187,1,362
dropbox,570.10384,0,474
dropbox,570.14650,1,367
dropbox,570.19087,0,474
youtube,0.00000,1,362
youtube,0.03030,0,474
youtube,0.05391,1,367
youtube,0.07336,0,474
yahoo,30.04887,1,362
yahoo,30.06966,0,474
yahoo,30.09053,1,367
yahoo,30.13835,0,474
facebook,59.97686,1,362
facebook,59.99631,0,474
facebook,60.01927,1,367
facebook,60.03620,0,474
reddit,90.04442,1,362
reddit,90.06560,0,474
reddit,90.08599,1,367
reddit,90.10549,0,474
netflix,120.05294,1,362
netflix,120.07617,0,474
netflix,120.10049,1,367
netflix,120.11922,0,474
ebay,150.06944,1,362
ebay,150.09286,0,474
ebay,150.11409,1,367
ebay,150.13007,0,474
instructure,180.03461,1,362
instructure,180.05989,0,474
instructure,180.08379,1,367
instructure,180.10490,0,474
instructure,180.75911,0,537
instructure,190.58028,1,153
instructure,190.61219,0,214
twitch,210.02277,1,362
twitch,210.04490,0,474
twitch,210.05952,1,367
twitch,210.07743,0,474
live,239.99846,1,362
live,240.01875,0,474
live,240.03442,1,367
live,240.07272,0,474
stackoverflow,270.07118,1,362
stackoverflow,270.09191,0,474
stackoverflow,270.11410,1,367
stackoverflow,270.13013,0,474
linkedin,300.08221,1,362
linkedin,300.10438,0,474
linkedin,300.14835,1,367
linkedin,300.21088,0,474
irs,330.15724,1,362
irs,330.17564,0,474
irs,330.19622,1,367
irs,330.22852,0,474
imdb,360.11286,1,362
imdb,360.13929,0,474
imdb,360.15866,1,367
imdb,360.17826,0,474
nytimes,390.15075,1,362
nytimes,390.17217,0,474
nytimes,390.19263,1,367
nytimes,390.21815,0,474
cnn,420.12252,1,362
cnn,420.14838,0,474
cnn,420.17420,1,367
cnn,420.19702,0,474
cnn,422.59282,0,635
cnn,422.89816,0,964
salesforce,450.13876,1,362
salesforce,450.16860,0,474
salesforce,450.20277,1,367
salesforce,450.23084,0,474
okta,480.04975,1,362
okta,480.06986,0,474
okta,480.08363,1,367
okta,480.10085,0,474
okta,490.57104,1,153
okta,490.59586,0,214
wikipedia,510.01900,1,362
wikipedia,510.05115,0,474
wikipedia,510.07947,1,367
wikipedia,510.09826,0,474
imgur,540.10733,1,362
imgur,540.12997,0,474
imgur,540.15125,1,367
imgur,540.17910,0,474
dropbox,570.11109,1,362
dropbox,570.13447,0,474
dropbox,570.15657,1,367
dropbox,570.17355,0,474
youtube,0.00000,1,362
youtube,0.02494,0,474
youtube,0.04410,1,367
youtube,0.06618,0,474
yahoo,29.78733,1,362
yahoo,29.81605,0,474
yahoo,29.83808,1,367
yahoo,29.89722,0,474
yahoo,32.80665,0,965
facebook,59.80808,1,362
facebook,59.82692,0,474
facebook,59.84292,1,367
facebook,59.85986,0,474
facebook,70.23651,1,153
facebook,70.26219,0,214
reddit,89.79220,1,362
reddit,89.80912,0,474
reddit,89.83106,1,367
reddit,89.85331,0,474
reddit,96.63706,0,537
netflix,119.82377,1,362
netflix,119.84199,0,474
netflix,119.87357,1,367
netflix,119.89748,0,474
ebay,149.83379,1,362
ebay,149.85920,0,474
ebay,149.87885,1,367
ebay,149.90139,0,474
instructure,179.88161,1,362
instructure,179.93714,0,474
instructure,179.96238,1,367
instructure,179.98519,0,474
twitch,209.85883,1,362
twitch,209.88147,0,474
twitch,209.93193,1,367
twitch,209.95382,0,474
live,239.90657,1,362
live,239.93052,0,474
live,239.96078,1,367
live,239.98001,0,474
stackoverflow,269.83596,1,362
stackoverflow,269.85469,0,474
stackoverflow,269.86994,1,367
stackoverflow,269.88761,0,474
linkedin,299.85380,1,362
linkedin,299.88287,0,474
linkedin,299.92231,1,367
linkedin,299.94043,0,474
irs,329.88424,1,362
irs,329.92257,0,474
irs,329.94370,1,367
irs,329.96601,0,474
imdb,359.89271,1,362
imdb,359.91044,0,474
imdb,359.93363,1,367
imdb,359.95117,0,474
imdb,370.21994,1,153
imdb,370.24577,0,214
nytimes,389.91622,1,362
nytimes,389.93952,0,474
nytimes,389.95416,1,367
nytimes,389.97360,0,474
cnn,419.86885,1,362
cnn,419.88955,0,474
cnn,419.90631,1,367
cnn,419.93174,0,474
salesforce,449.85600,1,362
salesforce,449.94025,0,474
salesforce,449.96094,1,367
salesforce,449.98855,0,474
okta,479.97841,1,362
okta,480.00210,0,474
okta,480.02060,1,367
okta,480.05870,0,474
wikipedia,509.88175,1,362
wikipedia,509.90220,0,474
wikipedia,509.91778,1,367
wikipedia,509.94417,0,474
imgur,539.85039,1,362
imgur,539.89964,0,474
imgur,539.93670,1,367
imgur,539.95608,0,474
dropbox,569.98867,1,362
dropbox,570.00704,0,474
dropbox,570.02889,1,367
dropbox,570.05165,0,474
youtube,0.00000,1,362
youtube,0.02040,0,474
youtube,0.03979,1,367
youtube,0.07482,0,474
yahoo,30.06909,1,362
yahoo,30.09343,0,474
yahoo,30.11229,1,367
yahoo,30.13186,0,474
yahoo,32.76256,0,537
facebook,60.05126,1,362
facebook,60.07579,0,474
facebook,60.09271,1,367
facebook,60.11497,0,474
reddit,89.97862,1,362
reddit,90.00063,0,474
reddit,90.01701,1,367
reddit,90.03312,0,474
netflix,119.99839,1,362
netflix,120.02377,0,474
netflix,120.06131,1,367
netflix,120.08340,0,474
ebay,149.95076,1,362
ebay,149.96845,0,474
ebay,149.99006,1,367
ebay,150.01445,0,474
instructure,180.03601,1,362
instructure,180.06982,0,474
instructure,180.09144,1,367
instructure,180.11116,0,474
twitch,210.05311,1,362
twitch,210.08222,0,474
twitch,210.09876,1,367
twitch,210.12425,0,474
live,240.05112,1,362
live,240.06803,0,474
live,240.09259,1,367
live,240.11035,0,474
live,250.30203,1,153
live,250.34606,0,214
stackoverflow,270.02389,1,362
stackoverflow,270.04548,0,474
stackoverflow,270.09186,1,367
stackoverflow,270.11460,0,474
linkedin,300.01097,1,362
linkedin,300.04049,0,474
linkedin,300.07244,1,367
linkedin,300.09441,0,474
irs,330.01802,1,362
irs,330.03476,0,474
irs,330.05978,1,367
irs,330.07832,0,474
imdb,360.03796,1,362
imdb,360.07051,0,474
imdb,360.09656,1,367
imdb,360.11534,0,474
nytimes,390.04833,1,362
nytimes,390.06561,0,474
nytimes,390.08648,1,367
nytimes,390.10742,0,474
nytimes,391.19003,0,538
cnn,420.10357,1,362
cnn,420.13635,0,474
cnn,420.15658,1,367
cnn,420.17816,0,474
cnn,422.78515,0,964
cnn,422.80692,0,964
salesforce,450.03652,1,362
salesforce,450.05397,0,474
salesforce,450.08457,1,367
salesforce,450.11426,0,474
okta,480.14471,1,362
okta,480.16692,0,474
okta,480.18796,1,367
okta,480.20943,0,474
wikipedia,510.02555,1,362
wikipedia,510.04629,0,474
wikipedia,510.07384,1,367
wikipedia,510.09539,0,474
imgur,540.12206,1,362
imgur,540.13862,0,474
imgur,540.17443,1,367
imgur,540.20136,0,474
imgur,550.31123,1,153
imgur,550.33951,0,214
dropbox,570.06680,1,362
dropbox,570.09670,0,474
dropbox,570.14044,1,367
dropbox,570.15939,0,474
youtube,0.00000,1,362
youtube,0.02056,0,474
youtube,0.03979,1,367
youtube,0.06331,0,474
yahoo,29.94380,1,362
yahoo,29.96444,0,474
yahoo,30.00184,1,367
yahoo,30.02316,0,474
yahoo,32.46106,0,537
facebook,59.98936,1,362
facebook,60.00614,0,474
facebook,60.02791,1,367
facebook,60.04530,0,474
reddit,89.99776,1,362
reddit,90.01425,0,474
reddit,90.03375,1,367
reddit,90.05913,0,474
reddit,95.71019,0,537
netflix,119.96881,1,362
netflix,119.98713,0,474
netflix,120.02006,1,367
netflix,120.05562,0,474
netflix,130.14011,1,153
netflix,130.16996,0,214
ebay,150.00728,1,362
ebay,150.02624,0,474
ebay,150.05675,1,367
ebay,150.07570,0,474
ebay,150.77090,0,537
instructure,179.99189,1,362
instructure,180.00975,0,474
instructure,180.02456,1,367
instructure,180.04462,0,474
instructure,180.78303,0,537
instructure,182.85333,0,346
twitch,210.00710,1,362
twitch,210.02456,0,474
twitch,210.04751,1,367
twitch,210.06925,0,474
live,240.03757,1,362
live,240.05875,0,474
live,240.09131,1,367
live,240.11277,0,474
stackoverflow,270.01055,1,362
stackoverflow,270.03373,0,474
stackoverflow,270.05131,1,367
stackoverflow,270.06910,0,474
linkedin,300.02483,1,362
linkedin,300.04873,0,474
linkedin,300.06773,1,367
linkedin,300.10085,0,474
irs,329.99920,1,362
irs,330.01695,0,474
irs,330.03136,1,367
irs,330.05310,0,474
imdb,360.13111,1,362
imdb,360.15385,0,474
imdb,360.17364,1,367
imdb,360.19015,0,474
imdb,362.92231,0,538
imdb,363.28411,0,964
imdb,363.65093,0,538
nytimes,390.05309,1,362
nytimes,390.08884,0,474
nytimes,390.11718,1,367
nytimes,390.13571,0,474
cnn,420.03769,1,362
cnn,420.05345,0,474
cnn,420.09010,1,367
cnn,420.11259,0,474
cnn,422.42881,0,635
salesforce,450.10554,1,362
salesforce,450.12390,0,474
salesforce,450.15240,1,367
salesforce,450.17637,0,474
okta,479.97846,1,362
okta,480.00643,0,474
okta,480.04280,1,367
okta,480.07766,0,474
wikipedia,510.05747,1,362
wikipedia,510.07852,0,474
wikipedia,510.09778,1,367
wikipedia,510.11453,0,474
imgur,540.08404,1,362
imgur,540.10534,0,474
imgur,540.13367,1,367
imgur,540.17550,0,474
dropbox,570.08127,1,362
dropbox,570.10142,0,474
dropbox,570.13081,1,367
dropbox,570.14686,0,474
youtube,0.00000,1,362
youtube,0.02369,0,474
youtube,0.03984,1,367
youtube,0.06061,0,474
youtube,10.03767,1,153
youtube,10.07103,0,214
yahoo,29.94968,1,362
yahoo,29.98161,0,474
yahoo,30.00638,1,367
yahoo,30.02896,0,474
yahoo,32.67723,0,965
facebook,59.96617,1,362
facebook,59.99022,0,474
facebook,60.00435,1,367
facebook,60.02219,0,474
reddit,90.05263,1,362
reddit,90.07254,0,474
reddit,90.09169,1,367
reddit,90.10632,0,474
netflix,120.06813,1,362
netflix,120.09473,0,474
netflix,120.11959,1,367
netflix,120.13576,0,474
ebay,150.00985,1,362
ebay,150.03201,0,474
ebay,150.05934,1,367
ebay,150.08354,0,474
instructure,180.01850,1,362
instructure,180.03992,0,474
instructure,180.06026,1,367
instructure,180.07936,0,474
instructure,182.45764,0,346
twitch,210.02733,1,362
twitch,210.04567,0,474
twitch,210.06246,1,367
twitch,210.07599,0,474
live,239.99345,1,362
live,240.01567,0,474
live,240.05790,1,367
live,240.07890,0,474
stackoverflow,270.01663,1,362
stackoverflow,270.03646,0,474
stackoverflow,270.05521,1,367
stackoverflow,270.07278,0,474
linkedin,300.03308,1,362
linkedin,300.05331,0,474
linkedin,300.07177,1,367
linkedin,300.09382,0,474
linkedin,310.01923,1,153
linkedin,310.05001,0,214
irs,330.09262,1,362
irs,330.11266,0,474
irs,330.13736,1,367
irs,330.15962,0,474
imdb,360.06280,1,362
imdb,360.09306,0,474
imdb,360.11388,1,367
imdb,360.15254,0,474
nytimes,390.06539,1,362
nytimes,390.08709,0,474
nytimes,390.12063,1,367
nytimes,390.14101,0,474
cnn,420.06047,1,362
cnn,420.09002,0,474
cnn,420.11647,1,367
cnn,420.14049,0,474
cnn,422.34468,0,537
salesforce,450.02423,1,362
salesforce,450.04451,0,474
salesforce,450.07159,1,367
salesforce,450.09208,0,474
okta,480.15993,1,362
okta,480.18122,0,474
okta,480.19973,1,367
okta,480.21976,0,474
wikipedia,510.08180,1,362
wikipedia,510.10278,0,474
wikipedia,510.15161,1,367
wikipedia,510.17260,0,474
imgur,540.00327,1,362
imgur,540.02646,0,474
imgur,540.04130,1,367
imgur,540.07036,0,474
dropbox,570.13249,1,362
dropbox,570.15436,0,474
dropbox,570.17148,1,367
dropbox,570.19671,0,474
youtube,0.00000,1,362
youtube,0.03469,0,474
youtube,0.05372,1,367
youtube,0.07358,0,474
yahoo,30.01214,1,362
yahoo,30.03320,0,474
yahoo,30.06568,1,367
yahoo,30.08360,0,474
facebook,60.02667,1,362
facebook,60.05059,0,474
facebook,60.06873,1,367
facebook,60.08980,0,474
reddit,89.99851,1,362
reddit,90.01797,0,474
reddit,90.03135,1,367
reddit,90.05505,0,474
reddit,96.28759,0,537
netflix,119.98503,1,362
netflix,120.00595,0,474
netflix,120.04979,1,367
netflix,120.06476,0,474
ebay,150.01276,1,362
ebay,150.03744,0,474
ebay,150.06260,1,367
ebay,150.08626,0,474
instructure,180.06864,1,362
instructure,180.09012,0,474
instructure,180.11353,1,367
instructure,180.13236,0,474
instructure,180.80080,0,537
instructure,189.87800,1,153
instructure,189.90867,0,214
twitch,210.00542,1,362
twitch,210.03097,0,474
twitch,210.04854,1,367
twitch,210.07748,0,474
live,240.05921,1,362
live,240.09674,0,474
live,240.12310,1,367
live,240.14595,0,474
stackoverflow,269.99409,1,362
stackoverflow,270.01676,0,474
stackoverflow,270.04973,1,367
stackoverflow,270.08582,0,474
linkedin,300.00288,1,362
linkedin,300.02165,0,474
linkedin,300.04511,1,367
linkedin,300.09667,0,474
irs,330.05901,1,362
irs,330.07988,0,474
irs,330.10223,1,367
irs,330.12175,0,474
imdb,360.02896,1,362
imdb,360.04789,0,474
imdb,360.08261,1,367
imdb,360.11285,0,474
imdb,362.72485,0,538
imdb,363.82267,0,538
nytimes,389.98672,1,362
nytimes,390.01050,0,474
nytimes,390.04172,1,367
nytimes,390.07197,0,474
nytimes,393.34990,0,537
cnn,420.06127,1,362
cnn,420.07984,0,474
cnn,420.11471,1,367
cnn,420.13590,0,474
salesforce,450.08595,1,362
salesforce,450.10747,0,474
salesforce,450.12988,1,367
salesforce,450.14671,0,474
okta,480.01119,1,362
okta,480.04312,0,474
okta,480.06135,1,367
okta,480.08563,0,474
okta,489.90490,1,153
okta,489.93091,0,214
wikipedia,510.16129,1,362
wikipedia,510.18155,0,474
wikipedia,510.20170,1,367
wikipedia,510.22449,0,474
imgur,540.07741,1,362
imgur,540.10936,0,474
imgur,540.12950,1,367
imgur,540.15200,0,474
dropbox,570.11800,1,362
dropbox,570.14481,0,474
dropbox,570.16745,1,367
dropbox,570.19103,0,474
youtube,0.00000,1,362
youtube,0.02587,0,474
youtube,0.05629,1,367
youtube,0.07361,0,474
yahoo,29.89883,1,362
yahoo,29.92086,0,474
yahoo,29.96604,1,367
yahoo,29.99641,0,474
facebook,59.96076,1,362
facebook,59.98049,0,474
facebook,60.02177,1,367
facebook,60.03978,0,474
facebook,69.73995,1,153
facebook,69.78947,0,214
reddit,89.99865,1,362
reddit,90.02331,0,474
reddit,90.04588,1,367
reddit,90.06689,0,474
netflix,119.98143,1,362
netflix,119.99713,0,474
netflix,120.01237,1,367
netflix,120.02924,0,474
ebay,150.00297,1,362
ebay,150.03521,0,474
ebay,150.05585,1,367
ebay,150.07343,0,474
instructure,180.01724,1,362
instructure,180.03777,0,474
instructure,180.05740,1,367
instructure,180.07801,0,474
twitch,210.06203,1,362
twitch,210.08302,0,474
twitch,210.10028,1,367
twitch,210.12433,0,474
live,240.01293,1,362
live,240.03261,0,474
live,240.05476,1,367
live,240.07453,0,474
stackoverflow,270.15970,1,362
stackoverflow,270.17866,0,474
stackoverflow,270.20813,1,367
stackoverflow,270.23056,0,474
linkedin,300.00691,1,362
linkedin,300.03319,0,474
linkedin,300.06389,1,367
linkedin,300.08536,0,474
irs,330.04603,1,362
irs,330.06802,0,474
irs,330.09159,1,367
irs,330.11558,0,474
imdb,360.13479,1,362
imdb,360.15297,0,474
imdb,360.21086,1,367
imdb,360.23300,0,474
imdb,369.74966,1,153
imdb,369.77920,0,214
nytimes,390.12371,1,362
nytimes,390.14949,0,474
nytimes,390.18505,1,367
nytimes,390.20391,0,474
nytimes,391.45595,0,538
cnn,420.00900,1,362
cnn,420.02857,0,474
cnn,420.05780,1,367
cnn,420.08033,0,474
salesforce,450.08969,1,362
salesforce,450.10652,0,474
salesforce,450.13773,1,367
salesforce,450.15974,0,474
okta,480.04964,1,362
okta,480.07097,0,474
okta,480.09697,1,367
okta,480.11754,0,474
wikipedia,510.28557,1,362
wikipedia,510.30949,0,474
wikipedia,510.32549,1,367
wikipedia,510.34532,0,474
imgur,540.11284,1,362
imgur,540.13408,0,474
imgur,540.14902,1,367
imgur,540.17310,0,474
imgur,541.78546,0,538
dropbox,570.05935,1,362
dropbox,570.07850,0,474
dropbox,570.10033,1,367
dropbox,570.11642,0,474
youtube,0.00000,1,362
youtube,0.02111,0,474
youtube,0.04553,1,367
youtube,0.06085,0,474
yahoo,30.06789,1,362
yahoo,30.08767,0,474
yahoo,30.13449,1,367
yahoo,30.15517,0,474
facebook,60.12121,1,362
facebook,60.14446,0,474
facebook,60.16465,1,367
facebook,60.19351,0,474
reddit,90.07561,1,362
reddit,90.09648,0,474
reddit,90.11255,1,367
reddit,90.13035,0,474
netflix,120.09349,1,362
netflix,120.13387,0,474
netflix,120.15111,1,367
netflix,120.17142,0,474
ebay,150.00725,1,362
ebay,150.02792,0,474
ebay,150.06893,1,367
ebay,150.09021,0,474
instructure,180.09616,1,362
instructure,180.11652,0,474
instructure,180.16541,1,367
instructure,180.18255,0,474
instructure,181.82118,0,346
twitch,210.12619,1,362
twitch,210.14884,0,474
twitch,210.16299,1,367
twitch,210.18390,0,474
live,240.12797,1,362
live,240.14866,0,474
live,240.16188,1,367
live,240.18496,0,474
live,250.67723,1,153
live,250.71059,0,214
stackoverflow,270.07934,1,362
stackoverflow,270.09846,0,474
stackoverflow,270.12362,1,367
stackoverflow,270.14553,0,474
linkedin,300.20103,1,362
linkedin,300.21955,0,474
linkedin,300.23812,1,367
linkedin,300.25995,0,474
irs,330.12119,1,362
irs,330.14935,0,474
irs,330.17193,1,367
irs,330.19254,0,474
imdb,360.13540,1,362
imdb,360.15785,0,474
imdb,360.18092,1,367
imdb,360.20114,0,474
nytimes,390.15283,1,362
nytimes,390.17895,0,474
nytimes,390.19479,1,367
nytimes,390.21064,0,474
cnn,420.16097,1,362
cnn,420.19061,0,474
cnn,420.21174,1,367
cnn,420.24335,0,474
salesforce,450.14595,1,362
salesforce,450.16877,0,474
salesforce,450.20705,1,367
salesforce,450.23365,0,474
okta,480.14685,1,362
okta,480.17501,0,474
okta,480.19580,1,367
okta,480.22701,0,474
wikipedia,510.20175,1,362
wikipedia,510.21987,0,474
wikipedia,510.25488,1,367
wikipedia,510.28692,0,474
imgur,540.14476,1,362
imgur,540.16276,0,474
imgur,540.19001,1,367
imgur,540.21324,0,474
imgur,550.65734,1,153
imgur,550.68992,0,214
dropbox,570.19379,1,362
dropbox,570.21737,0,474
dropbox,570.23891,1,367
dropbox,570.26063,0,474
youtube,0.00000,1,362
youtube,0.02524,0,474
youtube,0.04998,1,367
youtube,0.07326,0,474
yahoo,29.88590,1,362
yahoo,29.91924,0,474
yahoo,29.93782,1,367
yahoo,29.96034,0,474
facebook,59.91918,1,362
facebook,59.94165,0,474
facebook,59.96257,1,367
facebook,59.98566,0,474
reddit,89.96619,1,362
reddit,89.98808,0,474
reddit,90.01324,1,367
reddit,90.04247,0,474
netflix,119.99258,1,362
netflix,120.02876,0,474
netflix,120.05239,1,367
netflix,120.07313,0,474
netflix,130.42569,1,153
netflix,130.48922,0,214
ebay,149.92186,1,362
ebay,149.94148,0,474
ebay,149.95686,1,367
ebay,149.97764,0,474
instructure,179.94300,1,362
instructure,179.96306,0,474
instructure,179.98871,1,367
instructure,180.01142,0,474
instructure,181.82711,0,537
twitch,210.11364,1,362
twitch,210.13459,0,474
twitch,210.16425,1,367
twitch,210.18649,0,474
live,239.97151,1,362
live,239.98903,0,474
live,240.00968,1,367
live,240.02921,0,474
stackoverflow,269.97969,1,362
stackoverflow,269.99591,0,474
stackoverflow,270.05595,1,367
stackoverflow,270.07518,0,474
linkedin,300.02189,1,362
linkedin,300.07420,0,474
linkedin,300.09553,1,367
linkedin,300.11754,0,474
irs,330.04039,1,362
irs,330.06156,0,474
irs,330.07578,1,367
irs,330.09492,0,474
imdb,359.95067,1,362
imdb,359.97015,0,474
imdb,359.99524,1,367
imdb,360.01344,0,474
nytimes,390.03084,1,362
nytimes,390.05447,0,474
nytimes,390.07980,1,367
nytimes,390.10200,0,474
cnn,420.01703,1,362
cnn,420.04439,0,474
cnn,420.08041,1,367
cnn,420.10182,0,474
cnn,430.41492,1,153
cnn,430.44624,0,214
salesforce,449.97247,1,362
salesforce,450.00126,0,474
salesforce,450.01943,1,367
salesforce,450.05938,0,474
okta,480.54966,1,362
okta,480.56943,0,474
okta,480.59007,1,367
okta,480.61191,0,474
wikipedia,510.12982,1,362
wikipedia,510.14718,0,474
wikipedia,510.17970,1,367
wikipedia,510.19968,0,474
imgur,540.00124,1,362
imgur,540.03101,0,474
imgur,540.06659,1,367
imgur,540.10005,0,474
dropbox,570.01103,1,362
dropbox,570.04565,0,474
dropbox,570.06487,1,367
dropbox,570.09307,0,474
youtube,0.00000,1,362
youtube,0.02085,0,474
youtube,0.04980,1,367
youtube,0.06445,0,474
youtube,10.37752,1,153
youtube,10.40597,0,214
yahoo,30.00974,1,362
yahoo,30.03069,0,474
yahoo,30.07171,1,367
yahoo,30.08811,0,474
yahoo,32.97916,0,538
yahoo,33.44879,0,965
facebook,59.94333,1,362
facebook,59.96342,0,474
facebook,60.00566,1,367
facebook,60.03025,0,474
reddit,90.05174,1,362
reddit,90.08054,0,474
reddit,90.10039,1,367
reddit,90.11869,0,474
netflix,120.06722,1,362
netflix,120.08848,0,474
netflix,120.11079,1,367
netflix,120.14066,0,474
ebay,150.08347,1,362
ebay,150.10240,0,474
ebay,150.14856,1,367
ebay,150.16796,0,474
instructure,180.22409,1,362
instructure,180.24531,0,474
instructure,180.26460,1,367
instructure,180.28536,0,474
twitch,210.15755,1,362
twitch,210.18170,0,474
twitch,210.20996,1,367
twitch,210.24165,0,474
live,240.07361,1,362
live,240.09323,0,474
live,240.12372,1,367
live,240.13964,0,474
stackoverflow,270.06182,1,362
stackoverflow,270.08520,0,474
stackoverflow,270.10715,1,367
stackoverflow,270.14063,0,474
linkedin,300.01604,1,362
linkedin,300.03183,0,474
linkedin,300.05188,1,367
linkedin,300.06842,0,474
linkedin,311.42040,1,153
linkedin,311.51363,0,214
irs,330.12782,1,362
irs,330.15132,0,474
irs,330.18512,1,367
irs,330.21304,0,474
irs,331.06252,0,636
imdb,360.13488,1,362
imdb,360.15765,0,474
imdb,360.18320,1,367
imdb,360.20648,0,474
nytimes,390.10746,1,362
nytimes,390.12459,0,474
nytimes,390.14365,1,367
nytimes,390.16014,0,474
nytimes,391.33416,0,537
cnn,420.05986,1,362
cnn,420.08058,0,474
cnn,420.11206,1,367
cnn,420.13628,0,474
salesforce,450.12256,1,362
salesforce,450.13986,0,474
salesforce,450.16507,1,367
salesforce,450.21632,0,474
okta,480.11401,1,362
okta,480.13451,0,474
okta,480.15563,1,367
okta,480.17553,0,474
wikipedia,510.11526,1,362
wikipedia,510.13306,0,474
wikipedia,510.16033,1,367
wikipedia,510.18360,0,474
imgur,540.11074,1,362
imgur,540.13154,0,474
imgur,540.15284,1,367
imgur,540.18810,0,474
dropbox,570.09905,1,362
dropbox,570.11799,0,474
dropbox,570.13738,1,367
dropbox,570.16516,0,474
